file,seed,D,N,e,eMax
0,0,5,10,0.777226,0.869043
1,1,25,36,0.984872,0.991693
2,2,25,15,0.956908,0.976778
3,3,11,42,0.946477,0.965575
4,4,9,37,0.972477,0.984124
5,5,49,23,0.761968,0.872
6,6,5,34,0.925357,0.951508
7,7,15,26,0.814314,0.897096
8,8,26,18,0.915343,0.953516
9,9,6,10,0.798605,0.863604
10,10,28,7,0.959045,0.978433
11,11,18,31,0.942145,0.968556
12,12,39,21,0.767285,0.884533
13,13,24,23,0.9681,0.981673
14,14,23,39,0.941314,0.970309
15,15,24,30,0.90788,0.953615
16,16,44,19,0.97129,0.985671
17,17,16,40,0.915115,0.952645
18,18,34,32,0.758921,0.853538
19,19,37,36,0.965591,0.981933
20,20,18,30,0.976007,0.986495
21,21,25,27,0.819811,0.906127
22,22,28,24,0.786691,0.870829
23,23,29,23,0.842932,0.918765
24,24,45,25,0.925922,0.962699
25,25,27,47,0.824209,0.900647
26,26,11,14,0.819035,0.873304
27,27,26,48,0.943526,0.972462
28,28,14,44,0.795914,0.880904
29,29,19,49,0.799768,0.886086
30,30,20,15,0.930774,0.962995
31,31,29,8,0.965429,0.981068
32,32,9,37,0.772642,0.895579
33,33,48,25,0.97881,0.988125
34,34,30,38,0.995723,0.997976
35,35,10,8,0.782874,0.892489
36,36,46,48,0.823414,0.900421
37,37,13,19,0.940228,0.962306
38,38,13,49,0.954284,0.97103
39,39,21,7,0.992772,0.996247
40,40,47,5,0.814539,0.900833
41,41,12,50,0.844269,0.904259
42,42,29,29,0.875015,0.929911
43,43,38,40,0.900249,0.949999
44,44,21,16,0.910126,0.946276
45,45,24,49,0.980249,0.989665
46,46,12,29,0.975894,0.986994
47,47,34,10,0.99228,0.996425
48,48,24,50,0.809877,0.892475
49,49,30,20,0.909666,0.952092
50,50,16,11,0.938504,0.965045
51,51,26,34,0.985223,0.992495
52,52,15,39,0.932162,0.95868
53,53,31,42,0.929033,0.964313
54,54,13,6,0.965455,0.982923
55,55,28,12,0.91476,0.957244
56,56,17,48,0.789405,0.88644
57,57,40,50,0.851231,0.923556
58,58,25,37,0.951787,0.975273
59,59,38,12,0.772056,0.87261
60,60,21,17,0.997157,0.998586
61,61,50,18,0.991448,0.996017
62,62,44,5,0.979983,0.989802
63,63,27,35,0.763464,0.873291
64,64,40,38,0.943136,0.971576
65,65,11,50,0.949586,0.973508
66,66,46,7,0.992076,0.995924
67,67,7,41,0.957845,0.973632
68,68,14,40,0.91045,0.946638
69,69,32,7,0.929807,0.96335
70,70,12,31,0.884444,0.92539
71,71,12,22,0.90788,0.944999
72,72,14,13,0.928058,0.951055
73,73,14,6,0.972216,0.98427
74,74,46,50,0.970058,0.984156
75,75,34,17,0.993107,0.996189
76,76,32,44,0.987435,0.993276
77,77,26,31,0.969004,0.984017
78,78,14,27,0.968876,0.983181
79,79,34,23,0.959132,0.979454
80,80,31,6,0.796927,0.895433
81,81,27,8,0.775821,0.881738
82,82,47,46,0.909862,0.954253
83,83,13,16,0.878113,0.929304
84,84,36,27,0.988341,0.993763
85,85,23,26,0.953598,0.974186
86,86,48,46,0.910303,0.952262
87,87,6,35,0.978259,0.988819
88,88,18,22,0.77123,0.858497
89,89,21,14,0.927772,0.963855
90,90,18,47,0.994269,0.997153
91,91,19,29,0.762406,0.856374
92,92,24,31,0.915132,0.957323
93,93,13,14,0.894494,0.923967
94,94,47,42,0.959923,0.980495
95,95,49,40,0.96031,0.979417
96,96,13,44,0.874031,0.929025
97,97,11,32,0.787743,0.873584
98,98,22,19,0.972848,0.983074
99,99,38,31,0.929401,0.963618
100,100,8,29,0.995896,0.997601
101,101,14,19,0.98903,0.994352
102,102,25,49,0.968055,0.983563
103,103,34,14,0.996816,0.998211
104,104,12,21,0.934597,0.958942
105,105,6,24,0.881422,0.928231
106,106,33,19,0.993764,0.996963
107,107,31,21,0.797365,0.90217
108,108,23,39,0.835775,0.905189
109,109,20,17,0.783404,0.864441
110,110,9,40,0.866876,0.918328
111,111,9,32,0.996975,0.998002
112,112,25,13,0.949061,0.975562
113,113,30,27,0.99331,0.996472
114,114,7,49,0.817979,0.894276
115,115,38,26,0.913625,0.959561
116,116,20,6,0.992644,0.996159
117,117,42,46,0.970579,0.98346
118,118,41,29,0.829865,0.910033
119,119,39,36,0.987086,0.993028
120,120,12,35,0.760138,0.875122
121,121,14,25,0.845333,0.900206
122,122,22,36,0.991978,0.995405
123,123,49,28,0.807625,0.903309
124,124,32,48,0.811263,0.888715
125,125,31,23,0.889168,0.942156
126,126,21,20,0.803384,0.902265
127,127,16,22,0.849461,0.921243
128,128,45,36,0.80044,0.893316
129,129,16,27,0.930404,0.959501
130,130,45,43,0.981287,0.990529
131,131,29,10,0.917288,0.952249
132,132,20,15,0.85961,0.921043
133,133,5,13,0.945041,0.968718
134,134,28,23,0.993146,0.996609
135,135,13,36,0.881989,0.937283
136,136,50,12,0.793616,0.893912
137,137,19,46,0.949548,0.968291
138,138,11,36,0.804763,0.877203
139,139,23,37,0.91856,0.957962
140,140,18,43,0.749119,0.852313
141,141,30,25,0.779245,0.881016
142,142,16,24,0.930922,0.960402
143,143,19,28,0.794854,0.88544
144,144,38,46,0.824191,0.909282
145,145,25,24,0.949371,0.973739
146,146,30,27,0.997032,0.998487
147,147,43,38,0.937474,0.968715
148,148,21,14,0.899514,0.94468
149,149,23,24,0.969757,0.980999
150,150,24,20,0.888036,0.945474
151,151,12,34,0.955705,0.975823
152,152,33,9,0.993117,0.996682
153,153,11,29,0.791447,0.890715
154,154,29,40,0.966401,0.982249
155,155,15,42,0.952318,0.967788
156,156,41,25,0.989758,0.994423
157,157,47,41,0.857293,0.926655
158,158,46,36,0.87525,0.938337
159,159,13,24,0.863749,0.910773
160,160,30,5,0.995874,0.997854
161,161,6,11,0.965181,0.974694
162,162,49,8,0.797851,0.889413
163,163,36,40,0.989493,0.994595
164,164,35,8,0.798714,0.890109
165,165,36,5,0.897365,0.95031
166,166,48,21,0.995298,0.997516
167,167,49,38,0.802614,0.903475
168,168,20,9,0.990062,0.99409
169,169,33,21,0.869379,0.927601
170,170,43,28,0.919141,0.95768
171,171,34,37,0.996798,0.99828
172,172,36,37,0.987382,0.993302
173,173,22,28,0.898758,0.937211
174,174,46,34,0.916144,0.958117
175,175,15,42,0.957144,0.975642
176,176,24,35,0.775017,0.881599
177,177,31,21,0.809135,0.898089
178,178,5,50,0.954017,0.963307
179,179,18,13,0.990919,0.995467
180,180,28,40,0.873738,0.934892
181,181,26,27,0.885932,0.941999
182,182,11,27,0.994169,0.996758
183,183,34,18,0.864662,0.929297
184,184,36,5,0.834645,0.915239
185,185,22,33,0.838201,0.916152
186,186,35,41,0.947484,0.97376
187,187,49,27,0.845383,0.917954
188,188,25,14,0.902225,0.943911
189,189,34,9,0.957464,0.976953
190,190,18,22,0.992789,0.996353
191,191,32,10,0.880548,0.939698
192,192,28,17,0.877986,0.932306
193,193,18,13,0.784784,0.865068
194,194,49,14,0.98495,0.992102
195,195,6,10,0.816556,0.905655
196,196,28,43,0.83288,0.915936
197,197,40,11,0.8672,0.929433
198,198,11,15,0.804054,0.87022
199,199,7,39,0.858001,0.919784
200,200,39,15,0.886472,0.943797
201,201,27,11,0.792952,0.888558
202,202,23,41,0.963014,0.980012
203,203,11,45,0.847737,0.914711
204,204,35,13,0.8927,0.941448
205,205,14,10,0.817545,0.880431
206,206,25,22,0.961305,0.977149
207,207,21,24,0.865696,0.927182
208,208,31,21,0.806341,0.899221
209,209,14,25,0.968492,0.979838
210,210,33,26,0.907939,0.95328
211,211,35,7,0.992647,0.996009
212,212,39,5,0.811358,0.903181
213,213,46,7,0.993206,0.996454
214,214,33,25,0.870276,0.932532
215,215,45,39,0.962578,0.979425
216,216,7,17,0.85924,0.916092
217,217,17,25,0.740623,0.858815
218,218,22,37,0.848133,0.925656
219,219,25,8,0.826027,0.911852
220,220,13,12,0.919961,0.949772
221,221,44,24,0.857949,0.92493
222,222,50,12,0.997236,0.998378
223,223,33,49,0.853265,0.923158
224,224,9,35,0.846189,0.874345
225,225,29,40,0.885554,0.946874
226,226,50,26,0.897366,0.946388
227,227,21,19,0.954157,0.971511
228,228,46,16,0.804632,0.899297
229,229,24,47,0.972684,0.985065
230,230,13,28,0.855296,0.920182
231,231,26,37,0.916717,0.95456
232,232,19,22,0.962319,0.979967
233,233,19,5,0.967142,0.983395
234,234,19,12,0.889539,0.939019
235,235,34,16,0.866209,0.928685
236,236,44,30,0.965978,0.983002
237,237,38,11,0.954295,0.975229
238,238,50,14,0.887053,0.94214
239,239,19,29,0.930592,0.965239
240,240,9,11,0.88544,0.935538
241,241,8,32,0.860947,0.913791
242,242,12,26,0.774576,0.880049
243,243,40,5,0.970608,0.984516
244,244,27,29,0.923526,0.94893
245,245,34,23,0.941309,0.969286
246,246,13,26,0.742401,0.838714
247,247,47,32,0.986203,0.992478
248,248,37,40,0.804618,0.904415
249,249,17,47,0.991924,0.995291
250,250,44,42,0.909759,0.953821
251,251,27,10,0.783877,0.883448
252,252,6,7,0.916271,0.940603
253,253,17,7,0.936281,0.965108
254,254,23,22,0.867221,0.933261
255,255,17,30,0.822968,0.898595
256,256,37,9,0.981366,0.989771
257,257,16,10,0.735316,0.8571
258,258,30,16,0.895813,0.942335
259,259,44,46,0.985521,0.992718
260,260,8,46,0.941941,0.963523
261,261,23,34,0.952014,0.972364
262,262,50,45,0.965472,0.980826
263,263,18,21,0.950691,0.971678
264,264,15,10,0.858102,0.916974
265,265,34,49,0.956314,0.97884
266,266,46,13,0.949563,0.972518
267,267,36,33,0.817895,0.905067
268,268,16,38,0.91413,0.94792
269,269,10,44,0.861757,0.92856
270,270,47,41,0.905971,0.951038
271,271,32,32,0.936097,0.964343
272,272,17,34,0.963449,0.977157
273,273,43,41,0.908683,0.951111
274,274,5,33,0.839626,0.906863
275,275,40,31,0.758902,0.876785
276,276,49,40,0.878748,0.942605
277,277,40,16,0.925627,0.962958
278,278,42,48,0.975325,0.986251
279,279,23,40,0.804585,0.895849
280,280,30,44,0.926864,0.961931
281,281,39,15,0.886748,0.943453
282,282,23,49,0.991776,0.995327
283,283,20,26,0.984585,0.991338
284,284,8,39,0.835279,0.91052
285,285,29,40,0.869989,0.930747
286,286,28,45,0.880899,0.942707
287,287,23,26,0.913373,0.946964
288,288,29,47,0.748195,0.869765
289,289,34,35,0.968875,0.9835
290,290,25,13,0.984265,0.991555
291,291,39,12,0.990028,0.995196
292,292,13,17,0.97479,0.985558
293,293,8,20,0.981314,0.989616
294,294,35,45,0.986144,0.99312
295,295,49,36,0.978811,0.988314
296,296,14,25,0.775101,0.868875
297,297,14,9,0.88403,0.925368
298,298,49,11,0.757754,0.86467
299,299,39,49,0.759817,0.883821
300,300,29,25,0.994174,0.997109
301,301,29,10,0.935537,0.96412
302,302,24,23,0.990711,0.994645
303,303,40,21,0.773303,0.880296
304,304,9,12,0.750897,0.867289
305,305,6,9,0.993034,0.996105
306,306,37,28,0.835378,0.910108
307,307,36,32,0.975305,0.987249
308,308,10,33,0.99716,0.998501
309,309,17,43,0.81178,0.895217
310,310,41,9,0.991328,0.995679
311,311,49,8,0.903317,0.952419
312,312,36,42,0.994759,0.997179
313,313,39,39,0.929657,0.965339
314,314,17,39,0.975675,0.985968
315,315,17,31,0.959549,0.979486
316,316,34,16,0.81038,0.899351
317,317,30,19,0.922112,0.956429
318,318,20,31,0.880986,0.91265
319,319,49,23,0.938771,0.96746
320,320,19,42,0.995906,0.997577
321,321,15,23,0.970882,0.981837
322,322,36,24,0.943764,0.967622
323,323,31,30,0.958947,0.9791
324,324,28,47,0.763836,0.878064
325,325,42,25,0.775366,0.880894
326,326,22,31,0.84995,0.920741
327,327,22,46,0.89855,0.946955
328,328,11,20,0.81699,0.889219
329,329,18,7,0.952012,0.97576
330,330,6,9,0.928655,0.947652
331,331,37,39,0.991217,0.995434
332,332,20,40,0.968059,0.984129
333,333,49,12,0.832466,0.913474
334,334,45,34,0.987848,0.993883
335,335,13,15,0.88075,0.939183
336,336,36,27,0.922292,0.959462
337,337,21,41,0.943406,0.967673
338,338,37,40,0.854971,0.916659
339,339,32,7,0.772094,0.8776
340,340,39,13,0.897357,0.950359
341,341,19,21,0.755085,0.876149
342,342,46,27,0.927127,0.963231
343,343,33,39,0.782475,0.891849
344,344,20,22,0.997298,0.998523
345,345,9,16,0.827196,0.908039
346,346,48,21,0.947337,0.973685
347,347,22,28,0.775548,0.881632
348,348,21,19,0.734028,0.874246
349,349,13,45,0.960694,0.973181
350,350,11,17,0.984918,0.991695
351,351,9,43,0.79341,0.880529
352,352,43,50,0.926775,0.963273
353,353,49,7,0.773312,0.879838
354,354,10,49,0.995759,0.997408
355,355,26,11,0.95383,0.976982
356,356,10,22,0.952304,0.965179
357,357,30,37,0.830409,0.911845
358,358,34,14,0.875821,0.938294
359,359,42,25,0.904314,0.947282
360,360,37,45,0.978381,0.987586
361,361,19,20,0.876906,0.93947
362,362,31,5,0.827061,0.904525
363,363,23,6,0.98693,0.992609
364,364,48,48,0.78355,0.885678
365,365,47,42,0.869468,0.928703
366,366,50,27,0.772425,0.884607
367,367,23,34,0.810738,0.907821
368,368,41,36,0.968434,0.983679
369,369,16,50,0.899671,0.943278
370,370,39,29,0.980536,0.989091
371,371,34,41,0.803486,0.878735
372,372,43,49,0.921553,0.954502
373,373,11,43,0.917646,0.95846
374,374,31,26,0.99619,0.99792
375,375,14,7,0.780957,0.879615
376,376,24,47,0.946561,0.971013
377,377,12,5,0.989004,0.993295
378,378,31,13,0.862651,0.928371
379,379,41,49,0.989661,0.994242
380,380,48,15,0.896303,0.94658
381,381,34,45,0.869386,0.935142
382,382,13,15,0.984267,0.99071
383,383,20,23,0.881787,0.935698
384,384,27,27,0.870774,0.929756
385,385,30,21,0.977341,0.98693
386,386,38,28,0.995058,0.99733
387,387,35,46,0.930055,0.963956
388,388,17,27,0.950999,0.976526
389,389,32,35,0.792562,0.889322
390,390,14,10,0.796246,0.879971
391,391,10,41,0.895182,0.936798
392,392,27,44,0.775737,0.873956
393,393,39,45,0.92526,0.960757
394,394,16,48,0.917364,0.947093
395,395,44,49,0.959293,0.978451
396,396,7,50,0.986006,0.992454
397,397,10,26,0.959252,0.977092
398,398,19,24,0.880187,0.941906
399,399,39,21,0.994133,0.996862
400,400,30,7,0.795295,0.89891
401,401,12,16,0.783845,0.847374
402,402,12,9,0.865429,0.920572
403,403,33,39,0.952517,0.976276
404,404,16,31,0.832439,0.880474
405,405,11,10,0.98225,0.989042
406,406,27,8,0.843317,0.916487
407,407,11,34,0.967621,0.983248
408,408,8,37,0.821487,0.884335
409,409,21,7,0.947789,0.970674
410,410,11,13,0.79134,0.89958
411,411,39,25,0.87302,0.932827
412,412,28,20,0.875162,0.934852
413,413,5,8,0.887669,0.911231
414,414,24,23,0.736162,0.869649
415,415,30,15,0.883184,0.932798
416,416,6,38,0.912924,0.936131
417,417,19,50,0.854749,0.927109
418,418,46,45,0.799913,0.899468
419,419,11,7,0.922799,0.962007
420,420,31,8,0.937552,0.970301
421,421,35,8,0.825568,0.915209
422,422,36,45,0.988079,0.993734
423,423,43,32,0.927609,0.95589
424,424,33,38,0.750295,0.863889
425,425,14,6,0.903141,0.954294
426,426,26,49,0.760199,0.875426
427,427,22,48,0.741994,0.860232
428,428,22,16,0.961909,0.979397
429,429,29,47,0.915986,0.953852
430,430,12,32,0.985384,0.992941
431,431,7,42,0.858493,0.90133
432,432,25,5,0.975824,0.988432
433,433,39,6,0.784029,0.882104
434,434,30,5,0.773445,0.885727
435,435,8,50,0.889487,0.909459
436,436,22,6,0.783686,0.875889
437,437,26,33,0.912001,0.952292
438,438,22,8,0.988228,0.99408
439,439,8,30,0.801877,0.893081
440,440,19,20,0.899829,0.940766
441,441,25,8,0.95398,0.976867
442,442,7,44,0.847334,0.914066
443,443,21,49,0.984595,0.992568
444,444,12,42,0.900122,0.939241
445,445,28,18,0.906951,0.949823
446,446,25,17,0.934387,0.962649
447,447,14,13,0.811126,0.886855
448,448,46,15,0.99498,0.997446
449,449,16,42,0.994225,0.9971
450,450,13,10,0.972743,0.984522
451,451,39,22,0.929235,0.962826
452,452,14,14,0.972757,0.987093
453,453,21,23,0.99046,0.995322
454,454,28,23,0.990236,0.995182
455,455,44,33,0.897012,0.947421
456,456,18,48,0.877525,0.921106
457,457,36,48,0.918339,0.957746
458,458,32,39,0.996452,0.99819
459,459,44,14,0.92449,0.962694
460,460,41,12,0.977331,0.988238
461,461,28,22,0.936546,0.968418
462,462,14,15,0.964002,0.980817
463,463,34,46,0.991793,0.995442
464,464,34,28,0.975278,0.987755
465,465,27,13,0.826721,0.914861
466,466,45,40,0.997413,0.998684
467,467,18,35,0.98391,0.990741
468,468,49,45,0.833306,0.905086
469,469,5,44,0.817916,0.892393
470,470,6,19,0.957381,0.969872
471,471,21,36,0.92728,0.963403
472,472,27,20,0.933279,0.965939
473,473,48,40,0.839079,0.912056
474,474,25,21,0.879037,0.930286
475,475,43,28,0.756792,0.876897
476,476,24,11,0.901783,0.947732
477,477,49,18,0.967057,0.980753
478,478,16,28,0.870405,0.925617
479,479,45,6,0.81809,0.900293
480,480,28,27,0.978908,0.988613
481,481,36,20,0.963039,0.979404
482,482,49,43,0.871953,0.923094
483,483,5,21,0.997635,0.998426
484,484,46,19,0.913493,0.951975
485,485,8,18,0.814042,0.884994
486,486,7,25,0.987277,0.992181
487,487,14,27,0.826226,0.90656
488,488,8,41,0.997241,0.998362
489,489,49,17,0.806466,0.897044
490,490,36,34,0.978823,0.988398
491,491,34,43,0.781638,0.870798
492,492,38,7,0.787482,0.889354
493,493,34,14,0.947216,0.974375
494,494,21,47,0.931942,0.961039
495,495,28,36,0.818769,0.90894
496,496,47,8,0.997225,0.998543
497,497,19,29,0.779293,0.877977
498,498,35,15,0.967206,0.980986
499,499,40,19,0.985798,0.992531
500,500,36,23,0.996157,0.998077
501,501,49,38,0.956269,0.977593
502,502,22,11,0.88038,0.934381
503,503,40,47,0.904854,0.950688
504,504,33,46,0.954159,0.975266
505,505,40,50,0.910905,0.9541
506,506,5,26,0.990817,0.993136
507,507,17,14,0.907327,0.949343
508,508,33,25,0.949203,0.97407
509,509,31,45,0.994119,0.996687
510,510,46,17,0.966462,0.982864
511,511,34,26,0.996658,0.998092
512,512,33,18,0.945813,0.971832
513,513,14,36,0.996114,0.997667
514,514,46,15,0.867121,0.929787
515,515,33,26,0.977422,0.988184
516,516,50,39,0.831551,0.909715
517,517,28,39,0.806352,0.889378
518,518,13,25,0.982955,0.988166
519,519,44,50,0.890889,0.937602
520,520,34,24,0.996465,0.998122
521,521,12,22,0.997272,0.99833
522,522,34,6,0.936409,0.964999
523,523,29,49,0.87095,0.940412
524,524,13,23,0.905121,0.942275
525,525,47,29,0.792217,0.893146
526,526,46,20,0.841566,0.920409
527,527,14,37,0.99213,0.994993
528,528,23,41,0.994613,0.997114
529,529,30,21,0.989834,0.994514
530,530,17,20,0.755873,0.863941
531,531,12,48,0.879727,0.928935
532,532,41,47,0.994793,0.99718
533,533,5,31,0.796524,0.84732
534,534,44,15,0.988891,0.994228
535,535,31,44,0.783972,0.893571
536,536,31,42,0.876229,0.93238
537,537,24,16,0.987033,0.992848
538,538,38,30,0.98415,0.991694
539,539,50,27,0.895715,0.948557
540,540,6,32,0.934034,0.966607
541,541,37,11,0.991247,0.995461
542,542,6,26,0.992461,0.995086
543,543,13,17,0.782955,0.874058
544,544,30,13,0.966152,0.981264
545,545,20,11,0.92545,0.959848
546,546,41,43,0.983099,0.991553
547,547,38,36,0.931909,0.963939
548,548,29,21,0.915636,0.954166
549,549,10,29,0.907865,0.955183
550,550,29,45,0.915757,0.957522
551,551,47,41,0.987858,0.994039
552,552,50,9,0.98482,0.991839
553,553,30,32,0.915043,0.95651
554,554,42,39,0.852713,0.924104
555,555,19,41,0.774735,0.86202
556,556,39,27,0.855226,0.916491
557,557,40,50,0.845373,0.915679
558,558,49,21,0.834014,0.917785
559,559,9,44,0.905515,0.950713
560,560,15,38,0.892826,0.94584
561,561,9,5,0.801683,0.883757
562,562,38,22,0.934716,0.962271
563,563,48,11,0.944274,0.97221
564,564,42,29,0.799391,0.898997
565,565,43,6,0.962239,0.979401
566,566,48,16,0.857792,0.928975
567,567,50,11,0.951156,0.976684
568,568,22,39,0.951341,0.971942
569,569,7,25,0.826284,0.883812
570,570,14,39,0.975933,0.985835
571,571,44,10,0.946213,0.973025
572,572,23,31,0.83105,0.904042
573,573,33,47,0.783441,0.882439
574,574,45,22,0.899471,0.949452
575,575,32,16,0.988287,0.993946
576,576,25,20,0.916077,0.955076
577,577,37,40,0.941489,0.970758
578,578,29,30,0.775317,0.889867
579,579,33,33,0.858646,0.920315
580,580,44,23,0.774158,0.888086
581,581,37,15,0.761822,0.880291
582,582,5,5,0.989282,0.991759
583,583,11,14,0.845263,0.900801
584,584,30,24,0.817081,0.903198
585,585,12,46,0.889815,0.93713
586,586,29,19,0.913494,0.955051
587,587,42,33,0.995939,0.998055
588,588,49,35,0.768601,0.879395
589,589,47,27,0.950417,0.974441
590,590,23,9,0.738586,0.876345
591,591,41,16,0.825307,0.904818
592,592,9,7,0.95698,0.97183
593,593,8,7,0.995748,0.997494
594,594,25,41,0.987546,0.993577
595,595,23,16,0.959475,0.977433
596,596,32,21,0.768813,0.871403
597,597,29,7,0.868157,0.920142
598,598,15,39,0.911422,0.952442
599,599,10,29,0.801382,0.867168
600,600,48,29,0.980403,0.990043
601,601,31,32,0.963818,0.980039
602,602,35,49,0.986558,0.992128
603,603,44,48,0.979195,0.989114
604,604,11,31,0.844434,0.911939
605,605,31,43,0.763361,0.879683
606,606,48,43,0.980504,0.990219
607,607,15,24,0.989878,0.994744
608,608,42,33,0.876754,0.93592
609,609,5,50,0.976397,0.981996
610,610,24,34,0.859632,0.916463
611,611,26,50,0.936063,0.967183
612,612,9,29,0.983398,0.990581
613,613,40,22,0.969475,0.984693
614,614,25,36,0.90059,0.949859
615,615,11,29,0.809466,0.883759
616,616,14,37,0.979024,0.987384
617,617,38,25,0.941271,0.965961
618,618,25,40,0.927213,0.959652
619,619,28,39,0.770355,0.885494
620,620,21,48,0.752764,0.876975
621,621,38,29,0.786446,0.898268
622,622,47,33,0.978901,0.988005
623,623,25,17,0.793866,0.897141
624,624,27,23,0.95884,0.975663
625,625,13,28,0.957236,0.97628
626,626,34,39,0.768662,0.893321
627,627,19,22,0.94418,0.969356
628,628,36,28,0.782534,0.884937
629,629,6,28,0.995156,0.996584
630,630,12,42,0.829354,0.900708
631,631,13,38,0.997409,0.998572
632,632,37,34,0.954962,0.977218
633,633,43,36,0.890594,0.945933
634,634,16,13,0.961925,0.976239
635,635,50,22,0.9675,0.983283
636,636,6,34,0.830751,0.882334
637,637,9,47,0.9156,0.951861
638,638,10,39,0.917448,0.943713
639,639,34,23,0.935852,0.968055
640,640,5,26,0.992177,0.995317
641,641,8,10,0.774385,0.862407
642,642,44,7,0.996621,0.998309
643,643,20,8,0.971978,0.985102
644,644,9,33,0.870681,0.91659
645,645,30,48,0.984492,0.992372
646,646,6,18,0.840034,0.879883
647,647,8,29,0.880676,0.941543
648,648,26,6,0.878475,0.928712
649,649,24,26,0.943167,0.967639
650,650,19,26,0.985034,0.991382
651,651,5,32,0.844428,0.880764
652,652,15,31,0.948447,0.965112
653,653,31,49,0.924763,0.958954
654,654,21,31,0.968235,0.982511
655,655,28,34,0.940898,0.969617
656,656,24,16,0.945156,0.964824
657,657,20,27,0.767807,0.865899
658,658,31,43,0.994085,0.996972
659,659,10,28,0.993831,0.996463
660,660,15,16,0.959277,0.974593
661,661,18,11,0.751113,0.867711
662,662,18,21,0.979481,0.987267
663,663,14,37,0.905522,0.939211
664,664,27,5,0.906823,0.949262
665,665,38,45,0.957848,0.977253
666,666,39,49,0.820325,0.908656
667,667,24,45,0.919413,0.955123
668,668,36,8,0.906954,0.951956
669,669,38,26,0.975715,0.986574
670,670,12,10,0.980827,0.98934
671,671,36,44,0.947333,0.972681
672,672,33,27,0.742217,0.870624
673,673,30,30,0.87211,0.93406
674,674,12,6,0.843355,0.904258
675,675,5,27,0.932767,0.952312
676,676,19,33,0.875414,0.939102
677,677,28,6,0.937097,0.969168
678,678,33,33,0.952252,0.976733
679,679,20,8,0.768196,0.850076
680,680,28,32,0.824168,0.908825
681,681,16,28,0.770169,0.884859
682,682,41,42,0.864567,0.928084
683,683,35,49,0.959147,0.977751
684,684,23,5,0.974282,0.98707
685,685,11,22,0.993004,0.99568
686,686,18,49,0.864868,0.932394
687,687,33,18,0.997389,0.998581
688,688,16,19,0.994088,0.996971
689,689,23,10,0.81668,0.906318
690,690,10,50,0.986114,0.993529
691,691,15,42,0.994454,0.9965
692,692,15,15,0.81852,0.886127
693,693,17,29,0.954597,0.978733
694,694,46,49,0.77969,0.888239
695,695,6,41,0.85069,0.91735
696,696,31,38,0.914196,0.950633
697,697,37,22,0.922962,0.958012
698,698,19,31,0.963554,0.978659
699,699,41,8,0.850122,0.924329
700,700,5,6,0.956864,0.963888
701,701,30,17,0.97952,0.990135
702,702,8,49,0.869857,0.904615
703,703,9,39,0.995112,0.996458
704,704,49,24,0.984671,0.992202
705,705,17,12,0.985508,0.991969
706,706,48,26,0.825772,0.912391
707,707,45,19,0.826792,0.910435
708,708,25,31,0.909501,0.948756
709,709,9,20,0.942479,0.960279
710,710,30,28,0.961597,0.980481
711,711,22,20,0.948433,0.971287
712,712,12,8,0.966625,0.983447
713,713,28,5,0.987202,0.993702
714,714,41,26,0.9568,0.978682
715,715,41,20,0.981376,0.990379
716,716,11,28,0.961648,0.975504
717,717,20,50,0.891479,0.94296
718,718,25,34,0.97601,0.986915
719,719,15,13,0.950682,0.969175
720,720,42,20,0.995769,0.997851
721,721,50,42,0.9121,0.956031
722,722,30,9,0.782158,0.882367
723,723,13,31,0.980167,0.987199
724,724,24,43,0.912514,0.956894
725,725,26,10,0.964453,0.980917
726,726,43,38,0.916655,0.956173
727,727,21,49,0.988031,0.993591
728,728,32,28,0.959748,0.980328
729,729,6,45,0.938621,0.964975
730,730,34,10,0.941348,0.9697
731,731,48,31,0.946273,0.972037
732,732,25,21,0.935614,0.965631
733,733,21,22,0.83245,0.895382
734,734,41,18,0.787107,0.882428
735,735,38,15,0.916916,0.9501
736,736,13,37,0.911817,0.940289
737,737,48,6,0.858991,0.932038
738,738,50,47,0.899985,0.950345
739,739,44,37,0.921554,0.963283
740,740,29,24,0.873508,0.927872
741,741,33,21,0.953264,0.976053
742,742,32,50,0.938924,0.970111
743,743,37,19,0.967744,0.982379
744,744,6,19,0.942544,0.967783
745,745,29,20,0.876027,0.929266
746,746,13,30,0.992156,0.995905
747,747,30,29,0.963582,0.980453
748,748,29,20,0.768324,0.883868
749,749,21,22,0.86502,0.921829
750,750,43,20,0.891592,0.937661
751,751,6,26,0.931324,0.937541
752,752,7,7,0.953727,0.966642
753,753,30,31,0.771612,0.869443
754,754,21,44,0.924698,0.961938
755,755,5,42,0.870726,0.91793
756,756,34,14,0.78653,0.884485
757,757,18,43,0.886673,0.929921
758,758,19,11,0.795939,0.899425
759,759,35,35,0.952509,0.974052
760,760,6,37,0.97904,0.982011
761,761,11,44,0.889514,0.927482
762,762,20,15,0.791929,0.89967
763,763,32,10,0.768636,0.882411
764,764,40,38,0.983377,0.991885
765,765,13,21,0.95603,0.975006
766,766,13,14,0.747457,0.823839
767,767,13,37,0.951149,0.977736
768,768,45,19,0.894673,0.945317
769,769,8,22,0.922416,0.933917
770,770,30,44,0.882072,0.937099
771,771,48,36,0.899433,0.946321
772,772,39,9,0.791008,0.877543
773,773,33,27,0.890158,0.936584
774,774,7,7,0.800794,0.851656
775,775,18,47,0.99213,0.995689
776,776,7,15,0.948905,0.965213
777,777,21,27,0.757502,0.885357
778,778,44,10,0.915412,0.959149
779,779,24,20,0.802611,0.890785
780,780,6,23,0.926836,0.95071
781,781,35,6,0.973181,0.985078
782,782,26,18,0.921359,0.95649
783,783,16,36,0.875387,0.92933
784,784,47,34,0.955669,0.97783
785,785,14,50,0.927596,0.958343
786,786,17,32,0.954699,0.969588
787,787,37,11,0.992136,0.996123
788,788,29,21,0.994242,0.997052
789,789,23,7,0.952327,0.974612
790,790,29,39,0.832114,0.907827
791,791,36,9,0.97583,0.986947
792,792,31,33,0.809673,0.89396
793,793,8,19,0.814346,0.87925
794,794,11,40,0.99053,0.994778
795,795,30,11,0.993568,0.996516
796,796,37,34,0.950576,0.973586
797,797,19,20,0.86323,0.92046
798,798,40,41,0.987868,0.993203
799,799,11,11,0.818577,0.898372
800,800,9,25,0.804827,0.874047
801,801,6,44,0.73151,0.844512
802,802,39,47,0.980949,0.99046
803,803,38,37,0.975061,0.986809
804,804,40,38,0.773721,0.885342
805,805,46,45,0.828917,0.915894
806,806,41,25,0.990323,0.994558
807,807,8,46,0.936135,0.956607
808,808,49,23,0.986266,0.992985
809,809,49,9,0.798815,0.89264
810,810,5,41,0.981976,0.987748
811,811,29,21,0.832676,0.9228
812,812,46,49,0.903237,0.947384
813,813,11,50,0.990134,0.994593
814,814,45,36,0.801405,0.891055
815,815,18,36,0.765745,0.889205
816,816,43,9,0.881224,0.943424
817,817,17,22,0.985529,0.992253
818,818,7,45,0.898103,0.918698
819,819,50,8,0.762423,0.867528
820,820,35,22,0.758263,0.878158
821,821,40,17,0.875281,0.938151
822,822,22,5,0.986322,0.992174
823,823,10,41,0.887398,0.938298
824,824,29,50,0.842543,0.917085
825,825,28,11,0.995758,0.997773
826,826,19,38,0.981621,0.990041
827,827,8,6,0.993505,0.995215
828,828,8,29,0.986022,0.988965
829,829,47,33,0.949268,0.972548
830,830,27,7,0.965817,0.982696
831,831,34,46,0.924741,0.959967
832,832,25,12,0.813815,0.901709
833,833,44,42,0.986454,0.992011
834,834,44,49,0.988045,0.994052
835,835,12,33,0.990102,0.994426
836,836,27,47,0.984552,0.991941
837,837,44,48,0.996971,0.998486
838,838,19,24,0.853736,0.919019
839,839,15,34,0.956821,0.972416
840,840,16,50,0.94213,0.965277
841,841,32,40,0.839212,0.914701
842,842,8,12,0.989761,0.993449
843,843,45,5,0.975276,0.987795
844,844,42,15,0.945009,0.971645
845,845,22,43,0.941514,0.969828
846,846,36,21,0.927214,0.964357
847,847,41,9,0.935467,0.965058
848,848,42,8,0.922249,0.960118
849,849,46,38,0.812352,0.891596
850,850,24,24,0.973845,0.985803
851,851,16,23,0.87064,0.928354
852,852,12,19,0.903422,0.95065
853,853,21,34,0.964208,0.981172
854,854,41,26,0.938089,0.968922
855,855,38,18,0.99759,0.998725
856,856,34,44,0.928212,0.960936
857,857,8,37,0.901613,0.946557
858,858,36,25,0.985235,0.992182
859,859,18,26,0.969396,0.984755
860,860,9,37,0.972195,0.982584
861,861,21,17,0.881737,0.935859
862,862,36,29,0.84103,0.916416
863,863,14,28,0.844728,0.916469
864,864,12,49,0.987231,0.992961
865,865,26,6,0.934471,0.96702
866,866,25,24,0.954849,0.971976
867,867,34,7,0.951705,0.974914
868,868,48,43,0.977475,0.988695
869,869,39,12,0.733558,0.872883
870,870,21,40,0.949289,0.972029
871,871,24,46,0.817488,0.906264
872,872,6,18,0.982488,0.99055
873,873,15,40,0.871621,0.926205
874,874,38,41,0.937764,0.968708
875,875,20,6,0.974132,0.985595
876,876,8,10,0.908914,0.952715
877,877,32,47,0.990315,0.995132
878,878,27,7,0.946646,0.971009
879,879,11,44,0.779355,0.865521
880,880,20,39,0.891759,0.942006
881,881,33,27,0.837321,0.917953
882,882,27,43,0.766585,0.873513
883,883,34,23,0.966822,0.984119
884,884,40,47,0.926417,0.956138
885,885,11,18,0.86136,0.916616
886,886,11,14,0.857379,0.89532
887,887,17,49,0.805365,0.876351
888,888,11,8,0.952537,0.976513
889,889,22,31,0.878702,0.932584
890,890,9,6,0.982618,0.985724
891,891,21,14,0.993372,0.99673
892,892,32,16,0.965925,0.980388
893,893,13,47,0.92682,0.961003
894,894,15,37,0.958992,0.976066
895,895,16,17,0.868745,0.921874
896,896,17,48,0.976921,0.987586
897,897,6,8,0.98005,0.98517
898,898,38,31,0.8634,0.926099
899,899,15,45,0.979512,0.98862
900,900,37,49,0.949014,0.974251
901,901,42,28,0.956446,0.976461
902,902,12,39,0.99306,0.996671
903,903,24,26,0.772934,0.878974
904,904,28,44,0.986675,0.991692
905,905,9,50,0.915617,0.941703
906,906,24,13,0.745517,0.858732
907,907,13,9,0.744835,0.864891
908,908,5,46,0.968179,0.978423
909,909,43,16,0.994432,0.997226
910,910,20,29,0.832949,0.913251
911,911,15,13,0.973153,0.983116
912,912,7,49,0.99689,0.997924
913,913,5,25,0.908491,0.933156
914,914,27,15,0.812697,0.901702
915,915,47,21,0.761182,0.885963
916,916,18,47,0.955846,0.97479
917,917,30,29,0.994627,0.997247
918,918,38,38,0.966839,0.982551
919,919,25,18,0.94139,0.967058
920,920,10,48,0.989597,0.994492
921,921,48,9,0.903134,0.94954
922,922,49,44,0.997361,0.998718
923,923,36,28,0.874219,0.934813
924,924,25,12,0.997566,0.998685
925,925,31,19,0.991899,0.995351
926,926,11,20,0.792153,0.87789
927,927,27,25,0.985061,0.992325
928,928,50,21,0.949861,0.975132
929,929,23,24,0.86167,0.919493
930,930,28,5,0.983961,0.991313
931,931,20,39,0.879157,0.932759
932,932,42,26,0.795037,0.88972
933,933,7,24,0.979267,0.98813
934,934,10,14,0.780351,0.883051
935,935,16,21,0.834776,0.915539
936,936,32,20,0.988851,0.99423
937,937,31,13,0.965893,0.982967
938,938,27,25,0.911484,0.951202
939,939,31,6,0.927487,0.964229
940,940,29,21,0.981165,0.990231
941,941,46,48,0.981176,0.989873
942,942,14,19,0.9787,0.988534
943,943,9,33,0.771501,0.874753
944,944,34,6,0.926278,0.960615
945,945,6,45,0.950437,0.970636
946,946,46,7,0.869175,0.93042
947,947,44,26,0.806917,0.892696
948,948,42,9,0.984748,0.992094
949,949,42,24,0.907808,0.949778
950,950,25,40,0.892412,0.94349
951,951,6,6,0.761553,0.813861
952,952,12,17,0.811134,0.868659
953,953,13,8,0.903729,0.948669
954,954,13,37,0.950686,0.971187
955,955,42,19,0.939602,0.968707
956,956,9,27,0.897866,0.932111
957,957,18,8,0.93418,0.963916
958,958,50,50,0.957595,0.976459
959,959,7,50,0.818195,0.889307
960,960,31,17,0.896565,0.944151
961,961,14,48,0.955481,0.974209
962,962,30,21,0.994114,0.996794
963,963,35,33,0.901682,0.953599
964,964,26,21,0.954966,0.977592
965,965,45,49,0.945224,0.969939
966,966,45,24,0.82909,0.912094
967,967,45,21,0.938652,0.96483
968,968,40,15,0.991628,0.995695
969,969,15,12,0.926593,0.962139
970,970,19,9,0.813518,0.875104
971,971,15,9,0.979882,0.989269
972,972,10,35,0.958202,0.975238
973,973,33,33,0.848093,0.918308
974,974,25,40,0.957976,0.978643
975,975,23,34,0.770123,0.884423
976,976,14,45,0.869641,0.93475
977,977,39,42,0.996576,0.998258
978,978,16,13,0.95619,0.973032
979,979,18,48,0.885612,0.93802
980,980,49,24,0.985185,0.9922
981,981,17,20,0.989185,0.994427
982,982,47,8,0.89688,0.940516
983,983,6,42,0.937304,0.966833
984,984,16,42,0.946847,0.973226
985,985,11,24,0.975586,0.986362
986,986,15,22,0.96935,0.984445
987,987,19,6,0.779636,0.867209
988,988,47,10,0.850847,0.918247
989,989,48,42,0.995412,0.997719
990,990,11,42,0.958759,0.977471
991,991,12,18,0.994571,0.996697
992,992,5,32,0.852618,0.905511
993,993,35,12,0.878529,0.938377
994,994,32,50,0.764448,0.887567
995,995,31,50,0.855002,0.913618
996,996,27,14,0.902354,0.950576
997,997,41,25,0.886616,0.935952
998,998,10,29,0.848995,0.901433
999,999,32,23,0.98475,0.992296
1000,1000,5,47,0.9064,0.927244
1001,1001,22,17,0.899525,0.942739
1002,1002,38,41,0.910434,0.956061
1003,1003,28,17,0.962534,0.980634
1004,1004,13,40,0.959276,0.977199
1005,1005,36,25,0.773174,0.886794
1006,1006,39,9,0.912062,0.950494
1007,1007,6,45,0.997252,0.998198
1008,1008,11,29,0.888199,0.939983
1009,1009,30,9,0.986708,0.992536
1010,1010,20,16,0.989115,0.9945
1011,1011,6,6,0.989958,0.994289
1012,1012,26,8,0.902127,0.945115
1013,1013,23,6,0.846303,0.912799
1014,1014,25,5,0.988649,0.993789
1015,1015,43,27,0.975621,0.987534
1016,1016,46,8,0.98896,0.994329
1017,1017,25,25,0.75523,0.876545
1018,1018,23,27,0.852556,0.924014
1019,1019,48,13,0.986671,0.993272
1020,1020,14,24,0.866281,0.926329
1021,1021,40,22,0.932161,0.963218
1022,1022,26,44,0.780231,0.885099
1023,1023,48,5,0.948628,0.972617
1024,1024,13,37,0.941507,0.961515
1025,1025,22,34,0.988618,0.993464
1026,1026,30,38,0.912493,0.95566
1027,1027,17,13,0.976681,0.988322
1028,1028,12,35,0.864868,0.928656
1029,1029,30,30,0.97938,0.989432
1030,1030,40,43,0.89332,0.945288
1031,1031,10,37,0.842668,0.88176
1032,1032,7,17,0.921491,0.955115
1033,1033,28,33,0.734032,0.824409
1034,1034,5,43,0.968547,0.976944
1035,1035,14,6,0.768796,0.86682
1036,1036,30,20,0.988238,0.994215
1037,1037,9,14,0.824982,0.902979
1038,1038,27,26,0.929239,0.961341
1039,1039,42,47,0.996088,0.997925
1040,1040,28,26,0.909137,0.953658
1041,1041,22,25,0.943461,0.969343
1042,1042,39,34,0.98837,0.994023
1043,1043,34,30,0.86453,0.925812
1044,1044,46,32,0.949021,0.973918
1045,1045,49,40,0.914371,0.955651
1046,1046,23,43,0.953006,0.975989
1047,1047,42,47,0.884756,0.935933
1048,1048,13,40,0.824766,0.906334
1049,1049,42,47,0.871003,0.931212
1050,1050,5,47,0.996709,0.997934
1051,1051,5,24,0.784771,0.847708
1052,1052,25,31,0.915702,0.953793
1053,1053,45,48,0.991229,0.995556
1054,1054,24,8,0.831033,0.914742
1055,1055,8,50,0.957784,0.976228
1056,1056,40,21,0.952294,0.974294
1057,1057,11,30,0.791967,0.887684
1058,1058,29,18,0.89148,0.943465
1059,1059,22,43,0.883225,0.937276
1060,1060,10,45,0.981372,0.986823
1061,1061,14,32,0.82424,0.898645
1062,1062,28,37,0.892273,0.94146
1063,1063,5,42,0.889944,0.933412
1064,1064,24,37,0.922714,0.959762
1065,1065,34,16,0.905781,0.949777
1066,1066,14,29,0.887328,0.932984
1067,1067,8,31,0.831163,0.876065
1068,1068,49,42,0.809132,0.890751
1069,1069,39,32,0.986868,0.992651
1070,1070,24,38,0.916567,0.950365
1071,1071,40,18,0.993875,0.996438
1072,1072,36,36,0.960943,0.979799
1073,1073,6,45,0.852091,0.891602
1074,1074,16,17,0.830335,0.909784
1075,1075,47,25,0.955413,0.975541
1076,1076,41,50,0.966729,0.980943
1077,1077,23,9,0.901308,0.94508
1078,1078,20,47,0.861649,0.918276
1079,1079,50,14,0.870041,0.925964
1080,1080,15,17,0.905702,0.95349
1081,1081,25,44,0.98131,0.990323
1082,1082,10,34,0.983377,0.990529
1083,1083,32,26,0.997266,0.998588
1084,1084,19,48,0.871569,0.935025
1085,1085,44,18,0.79417,0.889352
1086,1086,16,18,0.94862,0.974142
1087,1087,44,36,0.930009,0.961482
1088,1088,26,8,0.841397,0.916187
1089,1089,19,11,0.936955,0.963303
1090,1090,47,27,0.924824,0.961167
1091,1091,44,43,0.899353,0.946627
1092,1092,24,23,0.984844,0.99176
1093,1093,32,38,0.912363,0.946649
1094,1094,50,27,0.96303,0.980228
1095,1095,29,19,0.992577,0.99604
1096,1096,9,16,0.993345,0.995255
1097,1097,17,9,0.98071,0.989591
1098,1098,45,29,0.873458,0.938485
1099,1099,26,24,0.99651,0.99806
1100,1100,21,10,0.988298,0.993924
1101,1101,40,10,0.865161,0.929249
1102,1102,45,50,0.805724,0.897792
1103,1103,15,48,0.995383,0.99742
1104,1104,28,31,0.857296,0.921967
1105,1105,48,31,0.960539,0.980409
1106,1106,50,35,0.889176,0.94345
1107,1107,17,15,0.850517,0.918724
1108,1108,44,9,0.88583,0.93472
1109,1109,29,15,0.984305,0.991657
1110,1110,39,27,0.894667,0.944993
1111,1111,15,20,0.954953,0.975393
1112,1112,36,25,0.967292,0.982648
1113,1113,28,47,0.903337,0.942741
1114,1114,40,46,0.947343,0.974275
1115,1115,38,23,0.996048,0.997814
1116,1116,13,14,0.90674,0.948478
1117,1117,7,34,0.875752,0.915008
1118,1118,33,16,0.934627,0.964911
1119,1119,24,19,0.855688,0.925289
1120,1120,29,6,0.924994,0.953923
1121,1121,21,12,0.983835,0.991436
1122,1122,41,37,0.891633,0.938754
1123,1123,45,9,0.866739,0.929101
1124,1124,15,28,0.862711,0.923295
1125,1125,24,32,0.842161,0.923947
1126,1126,32,37,0.92251,0.958432
1127,1127,45,25,0.979063,0.98922
1128,1128,49,49,0.92412,0.960513
1129,1129,29,50,0.931624,0.967273
1130,1130,50,46,0.96922,0.984697
1131,1131,16,7,0.776044,0.889316
1132,1132,33,39,0.983878,0.991094
1133,1133,24,36,0.90418,0.944319
1134,1134,18,25,0.981625,0.989904
1135,1135,26,10,0.912486,0.952901
1136,1136,35,19,0.891425,0.941121
1137,1137,8,22,0.750163,0.840561
1138,1138,18,45,0.978513,0.987611
1139,1139,5,34,0.798064,0.872524
1140,1140,23,11,0.993681,0.99675
1141,1141,34,43,0.840703,0.923023
1142,1142,38,12,0.758105,0.873174
1143,1143,29,32,0.829981,0.900659
1144,1144,31,33,0.95325,0.976122
1145,1145,8,25,0.989049,0.992418
1146,1146,16,37,0.779056,0.890641
1147,1147,6,48,0.957404,0.968913
1148,1148,8,16,0.975251,0.983778
1149,1149,39,37,0.9398,0.969207
1150,1150,7,29,0.725038,0.805728
1151,1151,9,33,0.811587,0.894749
1152,1152,6,13,0.763507,0.879404
1153,1153,11,25,0.990328,0.994439
1154,1154,24,17,0.989864,0.994971
1155,1155,15,5,0.899199,0.928885
1156,1156,38,44,0.866992,0.917274
1157,1157,8,23,0.984106,0.992007
1158,1158,46,7,0.878846,0.937515
1159,1159,10,20,0.994063,0.996696
1160,1160,40,31,0.930413,0.966663
1161,1161,47,33,0.789072,0.8958
1162,1162,40,45,0.852779,0.918432
1163,1163,14,28,0.971934,0.985318
1164,1164,29,12,0.766662,0.87468
1165,1165,22,28,0.896234,0.945516
1166,1166,14,44,0.933785,0.961838
1167,1167,33,32,0.773112,0.868728
1168,1168,20,43,0.786378,0.877554
1169,1169,29,27,0.996653,0.998421
1170,1170,35,22,0.983667,0.991116
1171,1171,28,37,0.923151,0.96006
1172,1172,43,26,0.982341,0.991295
1173,1173,17,42,0.973707,0.986733
1174,1174,38,41,0.840725,0.918915
1175,1175,16,14,0.862374,0.916619
1176,1176,10,30,0.988699,0.993648
1177,1177,42,25,0.967047,0.983474
1178,1178,37,29,0.993553,0.996494
1179,1179,13,14,0.86032,0.924324
1180,1180,44,5,0.869253,0.929832
1181,1181,42,46,0.973901,0.986741
1182,1182,44,8,0.835681,0.912645
1183,1183,32,11,0.865805,0.923723
1184,1184,13,20,0.996897,0.998238
1185,1185,23,43,0.996629,0.998291
1186,1186,49,29,0.98617,0.992729
1187,1187,42,41,0.764954,0.88664
1188,1188,35,23,0.876258,0.936779
1189,1189,11,19,0.945328,0.972002
1190,1190,11,22,0.733637,0.834268
1191,1191,10,46,0.917372,0.957036
1192,1192,28,37,0.96962,0.985101
1193,1193,20,30,0.865655,0.931014
1194,1194,6,49,0.896304,0.944697
1195,1195,30,30,0.880265,0.941142
1196,1196,31,43,0.903586,0.953786
1197,1197,18,47,0.863278,0.929416
1198,1198,6,15,0.895982,0.944569
1199,1199,44,25,0.939373,0.965617
1200,1200,36,45,0.797373,0.892393
1201,1201,31,11,0.986002,0.992677
1202,1202,36,15,0.94923,0.972193
1203,1203,36,37,0.942925,0.968561
1204,1204,16,10,0.992057,0.994575
1205,1205,41,12,0.961885,0.980874
1206,1206,15,13,0.98129,0.990366
1207,1207,36,15,0.992628,0.995873
1208,1208,41,35,0.840565,0.907833
1209,1209,30,34,0.85372,0.923088
1210,1210,17,33,0.975806,0.986675
1211,1211,9,45,0.931249,0.958537
1212,1212,41,14,0.99169,0.995842
1213,1213,15,17,0.972128,0.983965
1214,1214,48,39,0.867694,0.933886
1215,1215,11,40,0.859486,0.933385
1216,1216,6,26,0.895668,0.925454
1217,1217,13,21,0.997244,0.998609
1218,1218,21,50,0.897978,0.940676
1219,1219,13,20,0.941692,0.968463
1220,1220,47,20,0.780916,0.884341
1221,1221,14,14,0.915435,0.950441
1222,1222,29,10,0.769675,0.876377
1223,1223,17,38,0.88976,0.942926
1224,1224,32,44,0.958768,0.977195
1225,1225,11,40,0.994729,0.996424
1226,1226,32,39,0.983354,0.991598
1227,1227,32,18,0.930472,0.965283
1228,1228,6,36,0.992979,0.995521
1229,1229,49,10,0.947679,0.971721
1230,1230,33,32,0.981419,0.990507
1231,1231,23,25,0.784148,0.877963
1232,1232,50,16,0.876817,0.936478
1233,1233,29,15,0.933153,0.961525
1234,1234,38,32,0.779499,0.883661
1235,1235,13,35,0.981068,0.988821
1236,1236,14,45,0.959197,0.974661
1237,1237,48,34,0.901665,0.949413
1238,1238,27,35,0.78022,0.882625
1239,1239,39,33,0.953632,0.975303
1240,1240,22,35,0.757562,0.858927
1241,1241,9,50,0.807391,0.896589
1242,1242,50,18,0.784883,0.898821
1243,1243,10,8,0.75331,0.867828
1244,1244,6,43,0.871547,0.924379
1245,1245,9,41,0.941145,0.963376
1246,1246,48,9,0.851686,0.913796
1247,1247,36,23,0.781605,0.875114
1248,1248,10,33,0.988881,0.994287
1249,1249,49,32,0.936059,0.965926
1250,1250,28,22,0.902201,0.938835
1251,1251,13,37,0.905362,0.93786
1252,1252,23,11,0.995412,0.997441
1253,1253,10,42,0.791608,0.880849
1254,1254,25,22,0.948502,0.971354
1255,1255,32,27,0.793709,0.899239
1256,1256,48,31,0.940649,0.968424
1257,1257,45,6,0.936178,0.962539
1258,1258,45,6,0.99519,0.997565
1259,1259,24,36,0.844385,0.911485
1260,1260,33,37,0.955505,0.976729
1261,1261,28,29,0.936981,0.967035
1262,1262,32,45,0.828247,0.914005
1263,1263,26,11,0.977194,0.988178
1264,1264,29,10,0.949758,0.971191
1265,1265,46,44,0.752202,0.874702
1266,1266,41,11,0.892878,0.947574
1267,1267,17,49,0.883991,0.944095
1268,1268,16,11,0.96123,0.974775
1269,1269,39,5,0.956319,0.977459
1270,1270,26,7,0.975602,0.988045
1271,1271,43,48,0.945408,0.9708
1272,1272,24,49,0.886672,0.941336
1273,1273,28,11,0.994675,0.997062
1274,1274,49,30,0.921198,0.958058
1275,1275,36,22,0.972363,0.986326
1276,1276,18,46,0.933635,0.963358
1277,1277,48,47,0.933334,0.966239
1278,1278,42,23,0.929996,0.966958
1279,1279,25,29,0.898328,0.943725
1280,1280,27,48,0.730975,0.849713
1281,1281,11,29,0.979117,0.989409
1282,1282,36,10,0.993027,0.996482
1283,1283,11,45,0.981952,0.987847
1284,1284,25,42,0.976642,0.987672
1285,1285,46,30,0.905471,0.952777
1286,1286,9,9,0.935785,0.965487
1287,1287,48,44,0.94811,0.971738
1288,1288,15,42,0.924775,0.963687
1289,1289,13,19,0.761132,0.872355
1290,1290,32,20,0.976083,0.986679
1291,1291,30,35,0.935315,0.965531
1292,1292,25,40,0.868627,0.925118
1293,1293,19,37,0.851165,0.914256
1294,1294,10,36,0.876319,0.905392
1295,1295,38,13,0.850519,0.91335
1296,1296,15,12,0.963771,0.977708
1297,1297,7,37,0.830753,0.897715
1298,1298,15,8,0.902662,0.941948
1299,1299,49,18,0.991036,0.995287
1300,1300,45,47,0.892252,0.944511
1301,1301,20,28,0.901546,0.943324
1302,1302,5,35,0.97099,0.984503
1303,1303,45,22,0.967774,0.983392
1304,1304,29,24,0.984752,0.992505
1305,1305,45,29,0.93777,0.967654
1306,1306,29,27,0.983636,0.991139
1307,1307,33,49,0.950408,0.971085
1308,1308,27,24,0.813852,0.905948
1309,1309,18,23,0.957582,0.977427
1310,1310,23,8,0.789387,0.883131
1311,1311,26,45,0.912666,0.953871
1312,1312,24,16,0.878248,0.942395
1313,1313,23,30,0.873629,0.931877
1314,1314,12,45,0.94819,0.970082
1315,1315,6,36,0.947333,0.957824
1316,1316,10,6,0.936755,0.961217
1317,1317,10,20,0.867864,0.930909
1318,1318,31,7,0.922552,0.96026
1319,1319,20,45,0.84851,0.927453
1320,1320,29,32,0.983758,0.991432
1321,1321,36,35,0.757419,0.857444
1322,1322,40,26,0.765976,0.878639
1323,1323,13,10,0.980561,0.988558
1324,1324,7,12,0.907218,0.937239
1325,1325,32,40,0.989431,0.994557
1326,1326,11,5,0.95839,0.972722
1327,1327,9,14,0.829774,0.899936
1328,1328,7,5,0.900719,0.944935
1329,1329,29,45,0.96972,0.985746
1330,1330,25,48,0.980674,0.990306
1331,1331,21,13,0.763389,0.87689
1332,1332,50,44,0.730159,0.87419
1333,1333,39,10,0.976404,0.986787
1334,1334,21,40,0.941523,0.965075
1335,1335,49,29,0.984484,0.992719
1336,1336,33,24,0.94191,0.970144
1337,1337,43,45,0.792924,0.894853
1338,1338,26,38,0.896268,0.948987
1339,1339,22,30,0.988723,0.993083
1340,1340,25,16,0.990023,0.994604
1341,1341,14,32,0.902185,0.946878
1342,1342,48,42,0.992812,0.996405
1343,1343,24,39,0.980138,0.988259
1344,1344,50,46,0.850955,0.926918
1345,1345,11,25,0.840502,0.915353
1346,1346,27,38,0.95288,0.975152
1347,1347,28,32,0.954318,0.976517
1348,1348,20,40,0.815657,0.887093
1349,1349,33,46,0.923613,0.955885
1350,1350,39,12,0.910827,0.954646
1351,1351,21,9,0.74494,0.869826
1352,1352,42,41,0.860199,0.932065
1353,1353,42,37,0.79039,0.903938
1354,1354,38,48,0.810058,0.896061
1355,1355,34,36,0.965472,0.982245
1356,1356,18,43,0.923956,0.959253
1357,1357,44,21,0.841978,0.916608
1358,1358,42,40,0.99495,0.997102
1359,1359,28,28,0.833505,0.907614
1360,1360,46,42,0.992812,0.996358
1361,1361,12,45,0.970244,0.985563
1362,1362,29,26,0.988267,0.994271
1363,1363,35,24,0.763945,0.876643
1364,1364,5,12,0.798434,0.853923
1365,1365,11,18,0.919702,0.959507
1366,1366,30,12,0.991688,0.995633
1367,1367,17,18,0.878776,0.932755
1368,1368,28,29,0.912529,0.95654
1369,1369,19,11,0.831998,0.906548
1370,1370,15,37,0.99563,0.997866
1371,1371,41,14,0.736705,0.855998
1372,1372,27,19,0.910869,0.951454
1373,1373,49,36,0.752932,0.873193
1374,1374,23,10,0.754646,0.855264
1375,1375,33,38,0.995197,0.997123
1376,1376,46,21,0.973882,0.986664
1377,1377,21,40,0.944182,0.969635
1378,1378,41,47,0.981849,0.989594
1379,1379,36,11,0.912973,0.949094
1380,1380,45,37,0.811937,0.904085
1381,1381,46,31,0.887586,0.941439
1382,1382,27,35,0.783471,0.891407
1383,1383,5,47,0.989739,0.992845
1384,1384,23,13,0.954967,0.974051
1385,1385,49,49,0.752559,0.870188
1386,1386,26,49,0.910309,0.947785
1387,1387,26,31,0.977076,0.985829
1388,1388,41,5,0.978391,0.986967
1389,1389,43,23,0.986901,0.993184
1390,1390,31,23,0.78311,0.88057
1391,1391,49,31,0.807665,0.896748
1392,1392,21,14,0.838689,0.911047
1393,1393,10,7,0.856682,0.912875
1394,1394,15,16,0.996594,0.997932
1395,1395,24,25,0.787717,0.883055
1396,1396,12,24,0.989864,0.994415
1397,1397,45,6,0.763599,0.867815
1398,1398,41,31,0.788804,0.889139
1399,1399,48,41,0.92597,0.962841
1400,1400,10,49,0.938606,0.963913
1401,1401,12,46,0.7361,0.776827
1402,1402,6,37,0.978959,0.9892
1403,1403,11,36,0.940091,0.96061
1404,1404,49,41,0.977929,0.988757
1405,1405,50,5,0.92488,0.960884
1406,1406,46,39,0.984742,0.99205
1407,1407,24,24,0.888317,0.930809
1408,1408,19,12,0.979193,0.98991
1409,1409,41,38,0.871316,0.932698
1410,1410,39,17,0.767654,0.880459
1411,1411,40,43,0.972581,0.985743
1412,1412,45,26,0.953582,0.976251
1413,1413,25,8,0.923395,0.959315
1414,1414,11,38,0.763516,0.835013
1415,1415,31,24,0.948223,0.973097
1416,1416,42,28,0.937812,0.967899
1417,1417,49,31,0.98823,0.993667
1418,1418,36,16,0.852093,0.926241
1419,1419,36,40,0.879723,0.936691
1420,1420,10,43,0.897803,0.936552
1421,1421,16,50,0.930108,0.959201
1422,1422,22,39,0.873566,0.938984
1423,1423,13,24,0.921921,0.961069
1424,1424,11,11,0.922947,0.961142
1425,1425,18,42,0.978335,0.986954
1426,1426,5,23,0.7801,0.820256
1427,1427,25,38,0.954749,0.971193
1428,1428,10,45,0.914773,0.94699
1429,1429,7,9,0.903843,0.937508
1430,1430,12,16,0.996231,0.997685
1431,1431,15,48,0.786162,0.898202
1432,1432,43,36,0.979314,0.988766
1433,1433,9,24,0.824946,0.887039
1434,1434,11,6,0.774318,0.880359
1435,1435,28,12,0.917698,0.953708
1436,1436,42,44,0.997112,0.998432
1437,1437,11,39,0.86116,0.913989
1438,1438,13,22,0.86542,0.913176
1439,1439,15,42,0.850421,0.919315
1440,1440,28,31,0.80304,0.884219
1441,1441,7,27,0.966105,0.976336
1442,1442,13,46,0.953724,0.973793
1443,1443,34,40,0.958237,0.97533
1444,1444,11,26,0.840335,0.902647
1445,1445,32,41,0.807359,0.897988
1446,1446,23,30,0.743718,0.884027
1447,1447,50,34,0.957432,0.976943
1448,1448,15,13,0.926262,0.960989
1449,1449,19,18,0.934054,0.961208
1450,1450,43,18,0.943871,0.970784
1451,1451,17,41,0.986579,0.992591
1452,1452,16,23,0.975647,0.986552
1453,1453,49,21,0.967216,0.982932
1454,1454,33,10,0.7948,0.897965
1455,1455,44,34,0.932649,0.963461
1456,1456,9,44,0.794553,0.871374
1457,1457,35,14,0.885568,0.932149
1458,1458,34,22,0.881275,0.940884
1459,1459,39,34,0.758253,0.875297
1460,1460,38,19,0.990855,0.995199
1461,1461,10,43,0.83702,0.920454
1462,1462,36,6,0.835752,0.91915
1463,1463,6,37,0.987801,0.991678
1464,1464,29,29,0.931854,0.964009
1465,1465,16,9,0.892692,0.941765
1466,1466,29,39,0.914328,0.953558
1467,1467,6,35,0.982498,0.990739
1468,1468,39,19,0.91159,0.950982
1469,1469,10,8,0.979693,0.987352
1470,1470,26,36,0.973717,0.986968
1471,1471,26,46,0.90672,0.950483
1472,1472,25,26,0.969898,0.983156
1473,1473,36,50,0.86829,0.930514
1474,1474,48,43,0.902082,0.949717
1475,1475,19,32,0.798831,0.88885
1476,1476,27,14,0.996845,0.998354
1477,1477,46,43,0.838075,0.916877
1478,1478,34,39,0.977318,0.987359
1479,1479,8,16,0.915239,0.950536
1480,1480,25,40,0.930427,0.955976
1481,1481,33,36,0.75794,0.866835
1482,1482,22,49,0.97277,0.985219
1483,1483,6,24,0.997075,0.998254
1484,1484,28,35,0.788438,0.894388
1485,1485,15,29,0.996693,0.998098
1486,1486,23,25,0.972005,0.985126
1487,1487,29,47,0.862778,0.924586
1488,1488,40,27,0.755886,0.876256
1489,1489,21,45,0.929706,0.963475
1490,1490,32,43,0.795507,0.892303
1491,1491,35,23,0.791448,0.88504
1492,1492,30,50,0.993015,0.995847
1493,1493,17,28,0.839401,0.910976
1494,1494,50,36,0.782666,0.877246
1495,1495,21,49,0.795914,0.89406
1496,1496,26,33,0.974312,0.984716
1497,1497,7,15,0.874431,0.925221
1498,1498,37,14,0.910749,0.952821
1499,1499,32,6,0.809169,0.907439
1500,1500,27,9,0.925874,0.958865
1501,1501,37,31,0.988881,0.994238
1502,1502,48,14,0.767086,0.878586
1503,1503,28,43,0.976398,0.986713
1504,1504,6,13,0.959144,0.970779
1505,1505,46,22,0.988685,0.993683
1506,1506,27,42,0.888322,0.947656
1507,1507,43,49,0.764115,0.874835
1508,1508,30,46,0.974183,0.986281
1509,1509,15,8,0.855517,0.924753
1510,1510,30,14,0.766132,0.868409
1511,1511,14,35,0.995565,0.997637
1512,1512,38,37,0.996538,0.998098
1513,1513,10,33,0.947385,0.972093
1514,1514,46,48,0.942792,0.969374
1515,1515,19,45,0.918985,0.949016
1516,1516,47,11,0.841455,0.916398
1517,1517,16,42,0.993416,0.996621
1518,1518,21,20,0.756359,0.873139
1519,1519,39,9,0.851862,0.932043
1520,1520,18,24,0.929316,0.956044
1521,1521,50,31,0.977671,0.98817
1522,1522,26,19,0.986313,0.99218
1523,1523,16,33,0.978518,0.988135
1524,1524,32,33,0.832851,0.908599
1525,1525,45,36,0.971482,0.986283
1526,1526,44,11,0.839584,0.914745
1527,1527,6,28,0.938117,0.962365
1528,1528,9,37,0.961182,0.97919
1529,1529,11,22,0.948352,0.97255
1530,1530,30,50,0.9306,0.956732
1531,1531,11,44,0.953883,0.974955
1532,1532,17,43,0.997318,0.998469
1533,1533,9,11,0.914569,0.952487
1534,1534,8,12,0.983725,0.991141
1535,1535,50,9,0.868869,0.926999
1536,1536,49,30,0.852318,0.926982
1537,1537,13,39,0.925562,0.964299
1538,1538,31,43,0.901259,0.945631
1539,1539,15,12,0.924506,0.957062
1540,1540,44,38,0.993432,0.996413
1541,1541,19,28,0.992355,0.996216
1542,1542,35,11,0.976342,0.987285
1543,1543,46,42,0.990243,0.994546
1544,1544,46,36,0.925988,0.960864
1545,1545,34,12,0.830258,0.911398
1546,1546,32,39,0.992299,0.995873
1547,1547,26,19,0.769484,0.882089
1548,1548,28,15,0.906223,0.950977
1549,1549,41,18,0.806889,0.888972
1550,1550,43,43,0.899541,0.947829
1551,1551,15,17,0.991873,0.995746
1552,1552,31,5,0.989692,0.994909
1553,1553,46,39,0.968991,0.984135
1554,1554,33,22,0.828858,0.900194
1555,1555,24,37,0.965703,0.98258
1556,1556,39,16,0.760908,0.876092
1557,1557,24,39,0.908207,0.94934
1558,1558,37,25,0.893051,0.940491
1559,1559,22,20,0.906504,0.952372
1560,1560,16,12,0.971943,0.984834
1561,1561,49,16,0.932941,0.967072
1562,1562,50,9,0.967521,0.983346
1563,1563,29,9,0.944919,0.971859
1564,1564,6,46,0.938861,0.968487
1565,1565,37,21,0.746097,0.869705
1566,1566,40,20,0.966234,0.983071
1567,1567,32,8,0.87176,0.933417
1568,1568,39,31,0.938747,0.968207
1569,1569,49,13,0.995631,0.997544
1570,1570,29,35,0.955661,0.975979
1571,1571,12,6,0.91358,0.947701
1572,1572,42,11,0.9239,0.959886
1573,1573,47,49,0.806383,0.898417
1574,1574,6,10,0.841606,0.905441
1575,1575,21,37,0.952768,0.97456
1576,1576,37,35,0.937448,0.968771
1577,1577,19,12,0.899314,0.9521
1578,1578,20,25,0.984811,0.991725
1579,1579,39,26,0.811635,0.89834
1580,1580,45,30,0.933764,0.962689
1581,1581,10,42,0.947686,0.967048
1582,1582,34,31,0.771463,0.885138
1583,1583,30,32,0.950489,0.970413
1584,1584,16,14,0.931121,0.956135
1585,1585,5,9,0.927416,0.954285
1586,1586,25,12,0.860157,0.925978
1587,1587,28,8,0.894417,0.947557
1588,1588,18,27,0.770287,0.857336
1589,1589,40,7,0.923748,0.96287
1590,1590,32,49,0.796099,0.894661
1591,1591,31,29,0.917919,0.957945
1592,1592,32,26,0.956788,0.978684
1593,1593,10,37,0.992159,0.995829
1594,1594,31,43,0.756105,0.876963
1595,1595,19,31,0.995485,0.997449
1596,1596,26,44,0.947937,0.969533
1597,1597,14,25,0.991127,0.995028
1598,1598,35,7,0.885593,0.93967
1599,1599,12,11,0.960954,0.978893
1600,1600,35,37,0.872747,0.938676
1601,1601,28,42,0.819907,0.898341
1602,1602,9,29,0.965103,0.979616
1603,1603,31,48,0.854181,0.925935
1604,1604,28,40,0.769083,0.884518
1605,1605,36,6,0.841923,0.913379
1606,1606,22,6,0.968669,0.983168
1607,1607,15,26,0.862913,0.910196
1608,1608,18,37,0.958818,0.976668
1609,1609,34,32,0.964113,0.980672
1610,1610,10,42,0.865192,0.91216
1611,1611,7,28,0.915429,0.952082
1612,1612,14,24,0.83346,0.90379
1613,1613,25,32,0.984463,0.991355
1614,1614,11,50,0.943506,0.968829
1615,1615,45,32,0.898962,0.944598
1616,1616,33,50,0.975221,0.986055
1617,1617,14,31,0.993049,0.995702
1618,1618,5,11,0.91612,0.954042
1619,1619,6,22,0.989018,0.993456
1620,1620,10,20,0.778385,0.840417
1621,1621,48,26,0.981666,0.990534
1622,1622,10,29,0.896815,0.936489
1623,1623,32,29,0.936373,0.967864
1624,1624,15,28,0.851215,0.917819
1625,1625,33,40,0.876043,0.936606
1626,1626,45,22,0.978433,0.988604
1627,1627,33,26,0.827667,0.896067
1628,1628,35,36,0.973142,0.984066
1629,1629,14,17,0.913802,0.95618
1630,1630,50,41,0.93527,0.965878
1631,1631,7,12,0.923821,0.943735
1632,1632,22,31,0.994795,0.997418
1633,1633,24,39,0.929614,0.962453
1634,1634,7,10,0.880398,0.932087
1635,1635,40,5,0.803277,0.901846
1636,1636,5,32,0.995774,0.996991
1637,1637,12,7,0.895185,0.937732
1638,1638,38,26,0.955183,0.976303
1639,1639,10,21,0.910856,0.952887
1640,1640,34,11,0.92224,0.961534
1641,1641,42,27,0.932559,0.963904
1642,1642,32,40,0.979688,0.989916
1643,1643,32,29,0.98568,0.992881
1644,1644,27,11,0.98885,0.993518
1645,1645,20,48,0.989894,0.994413
1646,1646,19,15,0.960511,0.977029
1647,1647,19,26,0.98795,0.993447
1648,1648,8,15,0.996675,0.997779
1649,1649,23,14,0.972444,0.98529
1650,1650,15,33,0.767357,0.876097
1651,1651,15,33,0.994077,0.996629
1652,1652,7,19,0.974444,0.986219
1653,1653,23,35,0.971209,0.985717
1654,1654,34,7,0.82894,0.910622
1655,1655,5,33,0.805562,0.891375
1656,1656,7,28,0.988892,0.994412
1657,1657,25,30,0.965694,0.980481
1658,1658,13,23,0.989492,0.994134
1659,1659,35,17,0.913919,0.956634
1660,1660,47,23,0.84056,0.911794
1661,1661,27,30,0.974584,0.986138
1662,1662,29,9,0.90988,0.951054
1663,1663,29,49,0.773042,0.87376
1664,1664,32,31,0.96416,0.981912
1665,1665,19,38,0.789458,0.872679
1666,1666,22,47,0.938366,0.961477
1667,1667,28,21,0.934313,0.965386
1668,1668,34,13,0.836158,0.915534
1669,1669,26,48,0.978303,0.988545
1670,1670,28,25,0.777852,0.870361
1671,1671,50,15,0.954772,0.977866
1672,1672,18,47,0.748387,0.877759
1673,1673,10,17,0.966772,0.981028
1674,1674,33,22,0.962839,0.980386
1675,1675,48,12,0.892863,0.944831
1676,1676,38,34,0.826225,0.903411
1677,1677,39,23,0.947915,0.974328
1678,1678,45,15,0.946244,0.973396
1679,1679,27,42,0.968912,0.983423
1680,1680,30,14,0.980333,0.989385
1681,1681,27,27,0.776638,0.886508
1682,1682,16,6,0.954625,0.976056
1683,1683,16,24,0.800971,0.896145
1684,1684,26,38,0.873784,0.935627
1685,1685,19,42,0.991131,0.995382
1686,1686,24,36,0.957176,0.975839
1687,1687,29,14,0.951611,0.975049
1688,1688,39,41,0.895301,0.945591
1689,1689,14,22,0.947499,0.975348
1690,1690,10,39,0.793834,0.887894
1691,1691,23,13,0.885397,0.939004
1692,1692,39,14,0.954262,0.975604
1693,1693,20,14,0.764307,0.867529
1694,1694,12,39,0.761407,0.870603
1695,1695,38,46,0.751657,0.876041
1696,1696,40,31,0.969814,0.983679
1697,1697,30,8,0.961517,0.979617
1698,1698,5,41,0.986846,0.991933
1699,1699,20,21,0.867379,0.926804
1700,1700,6,20,0.85653,0.924971
1701,1701,18,18,0.994998,0.997207
1702,1702,15,25,0.926042,0.958965
1703,1703,5,44,0.991354,0.995844
1704,1704,34,33,0.807973,0.903517
1705,1705,25,39,0.966275,0.979037
1706,1706,38,15,0.997167,0.998535
1707,1707,18,40,0.977024,0.987707
1708,1708,48,48,0.996385,0.998086
1709,1709,44,48,0.974542,0.986127
1710,1710,22,14,0.93764,0.969369
1711,1711,23,37,0.872919,0.938574
1712,1712,8,24,0.82069,0.911044
1713,1713,20,10,0.955549,0.97259
1714,1714,34,30,0.903194,0.9509
1715,1715,44,46,0.955118,0.976592
1716,1716,29,49,0.963102,0.979886
1717,1717,31,30,0.834234,0.919306
1718,1718,22,33,0.980168,0.988395
1719,1719,45,43,0.99029,0.99513
1720,1720,27,19,0.81505,0.901868
1721,1721,18,47,0.994987,0.997071
1722,1722,17,37,0.990952,0.995394
1723,1723,33,19,0.749753,0.889837
1724,1724,45,50,0.935463,0.967487
1725,1725,36,29,0.947547,0.972235
1726,1726,13,24,0.800628,0.897548
1727,1727,26,19,0.941059,0.968121
1728,1728,11,7,0.753514,0.859226
1729,1729,18,12,0.990509,0.994174
1730,1730,38,31,0.89295,0.945563
1731,1731,11,11,0.804337,0.891596
1732,1732,30,10,0.866046,0.930327
1733,1733,12,20,0.867174,0.920122
1734,1734,24,18,0.831886,0.915777
1735,1735,12,26,0.867743,0.91643
1736,1736,14,31,0.761006,0.87931
1737,1737,21,6,0.828544,0.906178
1738,1738,33,48,0.82529,0.910279
1739,1739,25,23,0.932293,0.967248
1740,1740,17,42,0.963661,0.979338
1741,1741,32,29,0.98581,0.992057
1742,1742,5,18,0.778395,0.886766
1743,1743,22,11,0.967065,0.981703
1744,1744,35,45,0.841803,0.922178
1745,1745,40,16,0.988594,0.99402
1746,1746,49,40,0.996873,0.998317
1747,1747,24,16,0.814958,0.906013
1748,1748,6,42,0.813601,0.859295
1749,1749,47,7,0.83736,0.909819
1750,1750,17,42,0.971663,0.984819
1751,1751,22,9,0.841687,0.903565
1752,1752,19,22,0.96148,0.977037
1753,1753,6,38,0.803177,0.881604
1754,1754,20,5,0.965116,0.981521
1755,1755,24,48,0.880562,0.935668
1756,1756,31,13,0.791299,0.895849
1757,1757,48,15,0.997422,0.998691
1758,1758,6,16,0.775186,0.868274
1759,1759,43,50,0.797245,0.893761
1760,1760,6,33,0.997194,0.998188
1761,1761,36,22,0.909765,0.954228
1762,1762,9,48,0.995644,0.99746
1763,1763,39,17,0.883925,0.943611
1764,1764,17,15,0.846156,0.903838
1765,1765,42,11,0.918243,0.957067
1766,1766,36,34,0.982734,0.990973
1767,1767,24,15,0.985027,0.991814
1768,1768,36,37,0.76641,0.888486
1769,1769,23,47,0.975609,0.987615
1770,1770,22,46,0.806452,0.898164
1771,1771,35,35,0.977657,0.988485
1772,1772,44,15,0.997002,0.998456
1773,1773,50,35,0.860188,0.91718
1774,1774,31,39,0.972656,0.98604
1775,1775,31,14,0.893144,0.947711
1776,1776,11,22,0.95224,0.967939
1777,1777,50,50,0.906312,0.949232
1778,1778,10,34,0.802213,0.879382
1779,1779,34,34,0.942756,0.968887
1780,1780,17,14,0.992635,0.995896
1781,1781,32,28,0.941808,0.962711
1782,1782,44,27,0.93849,0.968281
1783,1783,10,46,0.790029,0.876886
1784,1784,11,29,0.816351,0.901169
1785,1785,11,14,0.916413,0.951348
1786,1786,7,5,0.77698,0.859185
1787,1787,37,28,0.777226,0.889094
1788,1788,18,24,0.938807,0.958905
1789,1789,38,13,0.992698,0.996119
1790,1790,40,44,0.852703,0.921834
1791,1791,41,8,0.942567,0.969876
1792,1792,8,34,0.931173,0.9554
1793,1793,5,15,0.984063,0.990592
1794,1794,37,50,0.797604,0.894244
1795,1795,18,13,0.984821,0.992153
1796,1796,44,17,0.858262,0.9207
1797,1797,12,45,0.865335,0.933305
1798,1798,17,5,0.86087,0.925768
1799,1799,15,8,0.915007,0.946916
1800,1800,38,27,0.898657,0.944485
1801,1801,41,11,0.988423,0.993464
1802,1802,41,46,0.994222,0.997095
1803,1803,28,6,0.958518,0.977824
1804,1804,49,46,0.995494,0.997726
1805,1805,24,28,0.76866,0.876327
1806,1806,35,7,0.878384,0.928719
1807,1807,19,20,0.894433,0.941388
1808,1808,10,25,0.76107,0.872893
1809,1809,45,28,0.818854,0.906535
1810,1810,31,48,0.963677,0.980549
1811,1811,50,46,0.984547,0.99237
1812,1812,47,32,0.826728,0.905728
1813,1813,33,38,0.887505,0.939476
1814,1814,36,34,0.924041,0.959849
1815,1815,38,42,0.98421,0.990792
1816,1816,39,35,0.949441,0.973888
1817,1817,12,26,0.834796,0.910569
1818,1818,42,33,0.992532,0.996417
1819,1819,37,13,0.99561,0.997631
1820,1820,44,23,0.973312,0.985688
1821,1821,12,13,0.766784,0.865857
1822,1822,46,7,0.85943,0.924744
1823,1823,10,15,0.919971,0.952504
1824,1824,50,15,0.875587,0.930958
1825,1825,15,46,0.979379,0.987122
1826,1826,15,10,0.996473,0.997921
1827,1827,7,50,0.90257,0.931591
1828,1828,31,17,0.851506,0.916475
1829,1829,46,38,0.923328,0.957291
1830,1830,37,26,0.994383,0.996905
1831,1831,23,41,0.81022,0.899697
1832,1832,19,5,0.760699,0.875621
1833,1833,39,5,0.987373,0.992943
1834,1834,25,24,0.972368,0.986685
1835,1835,21,40,0.994093,0.996856
1836,1836,50,5,0.798352,0.903553
1837,1837,12,23,0.839199,0.914057
1838,1838,9,39,0.995805,0.997045
1839,1839,22,32,0.964584,0.980596
1840,1840,17,39,0.991634,0.99535
1841,1841,47,35,0.881646,0.939121
1842,1842,37,32,0.743936,0.868039
1843,1843,30,5,0.77861,0.877355
1844,1844,24,42,0.971829,0.986326
1845,1845,39,48,0.940309,0.967506
1846,1846,20,25,0.883009,0.9319
1847,1847,5,22,0.961419,0.972122
1848,1848,49,32,0.8674,0.933063
1849,1849,49,49,0.993299,0.996623
1850,1850,31,49,0.997521,0.998712
1851,1851,50,9,0.926773,0.960678
1852,1852,10,48,0.811361,0.884626
1853,1853,31,10,0.935914,0.968313
1854,1854,25,13,0.88121,0.933351
1855,1855,26,23,0.990667,0.995506
1856,1856,6,6,0.810721,0.875541
1857,1857,31,50,0.993374,0.996542
1858,1858,36,47,0.79906,0.899473
1859,1859,37,46,0.967027,0.982808
1860,1860,13,26,0.829546,0.884079
1861,1861,41,17,0.983654,0.991359
1862,1862,25,18,0.850729,0.91779
1863,1863,43,38,0.932161,0.964779
1864,1864,8,6,0.883171,0.941798
1865,1865,30,37,0.986914,0.992666
1866,1866,32,10,0.855774,0.930083
1867,1867,26,25,0.946892,0.970833
1868,1868,13,41,0.969923,0.983055
1869,1869,19,29,0.996899,0.99829
1870,1870,16,35,0.972127,0.984916
1871,1871,30,28,0.860528,0.926736
1872,1872,24,36,0.900023,0.944483
1873,1873,23,19,0.823466,0.9025
1874,1874,6,38,0.755375,0.80327
1875,1875,29,41,0.921947,0.95607
1876,1876,20,27,0.983399,0.991312
1877,1877,18,17,0.940028,0.964089
1878,1878,16,20,0.957145,0.977329
1879,1879,36,48,0.988413,0.99372
1880,1880,24,15,0.976434,0.98667
1881,1881,12,28,0.986229,0.992412
1882,1882,34,44,0.812368,0.9015
1883,1883,38,9,0.807996,0.89129
1884,1884,17,8,0.959171,0.977784
1885,1885,6,35,0.979782,0.984133
1886,1886,47,32,0.831602,0.914303
1887,1887,18,6,0.930342,0.960905
1888,1888,49,46,0.992819,0.996246
1889,1889,33,47,0.989808,0.994312
1890,1890,31,31,0.942654,0.966966
1891,1891,16,10,0.926631,0.951835
1892,1892,11,31,0.922745,0.949572
1893,1893,43,47,0.848212,0.914867
1894,1894,7,46,0.882764,0.914976
1895,1895,33,24,0.833737,0.913659
1896,1896,12,29,0.947021,0.971859
1897,1897,31,5,0.95412,0.974064
1898,1898,5,30,0.910335,0.94653
1899,1899,15,7,0.944273,0.96953
1900,1900,12,24,0.968183,0.987195
1901,1901,30,26,0.952224,0.97279
1902,1902,49,26,0.979355,0.988871
1903,1903,15,46,0.885595,0.93765
1904,1904,44,47,0.932228,0.965666
1905,1905,18,44,0.997024,0.998263
1906,1906,37,26,0.910856,0.954428
1907,1907,6,14,0.768872,0.875669
1908,1908,12,11,0.761452,0.83857
1909,1909,16,25,0.957072,0.97884
1910,1910,36,36,0.88383,0.942091
1911,1911,36,10,0.770465,0.87451
1912,1912,42,9,0.976237,0.987285
1913,1913,31,21,0.891171,0.942245
1914,1914,37,23,0.806285,0.900114
1915,1915,43,44,0.798446,0.895325
1916,1916,15,6,0.92591,0.950815
1917,1917,15,25,0.994885,0.996967
1918,1918,24,30,0.912178,0.951763
1919,1919,15,28,0.984267,0.989884
1920,1920,9,15,0.849514,0.901151
1921,1921,17,40,0.902364,0.937512
1922,1922,43,6,0.784554,0.886932
1923,1923,28,17,0.964858,0.979806
1924,1924,39,46,0.969263,0.98398
1925,1925,9,17,0.931926,0.955227
1926,1926,40,32,0.943372,0.968995
1927,1927,26,9,0.899355,0.941064
1928,1928,8,28,0.819113,0.890564
1929,1929,34,31,0.991777,0.995738
1930,1930,50,19,0.818133,0.906243
1931,1931,13,30,0.947768,0.968093
1932,1932,25,43,0.967537,0.983367
1933,1933,47,32,0.821178,0.907068
1934,1934,42,12,0.953495,0.975716
1935,1935,43,27,0.985082,0.991974
1936,1936,7,31,0.996435,0.997536
1937,1937,35,19,0.988371,0.993639
1938,1938,42,37,0.96924,0.982903
1939,1939,19,16,0.847494,0.921041
1940,1940,6,21,0.85321,0.917527
1941,1941,30,9,0.988806,0.993911
1942,1942,7,35,0.968662,0.974324
1943,1943,33,16,0.774153,0.884295
1944,1944,47,35,0.84693,0.92217
1945,1945,42,27,0.899056,0.945852
1946,1946,25,47,0.785715,0.878043
1947,1947,16,29,0.961374,0.977116
1948,1948,20,22,0.93253,0.966922
1949,1949,37,36,0.898372,0.948932
1950,1950,45,48,0.983095,0.990785
1951,1951,18,5,0.976624,0.987274
1952,1952,39,39,0.968017,0.983691
1953,1953,45,13,0.969822,0.984632
1954,1954,40,24,0.76939,0.875656
1955,1955,42,50,0.981952,0.990315
1956,1956,13,20,0.973879,0.985311
1957,1957,26,22,0.926193,0.962072
1958,1958,39,7,0.924488,0.959112
1959,1959,41,25,0.861038,0.929013
1960,1960,6,32,0.994202,0.997288
1961,1961,29,21,0.820921,0.900826
1962,1962,9,9,0.790949,0.885847
1963,1963,21,26,0.836322,0.916713
1964,1964,22,12,0.839367,0.913877
1965,1965,6,45,0.993094,0.995835
1966,1966,17,14,0.978362,0.985931
1967,1967,41,36,0.977212,0.987242
1968,1968,48,28,0.901038,0.95067
1969,1969,49,29,0.938752,0.966274
1970,1970,19,8,0.940496,0.969207
1971,1971,39,30,0.899242,0.94691
1972,1972,39,43,0.849065,0.911416
1973,1973,39,49,0.904007,0.951559
1974,1974,18,32,0.993032,0.995532
1975,1975,8,19,0.776178,0.820166
1976,1976,19,42,0.960067,0.976828
1977,1977,10,11,0.801731,0.876281
1978,1978,19,7,0.956511,0.979712
1979,1979,23,41,0.782927,0.891797
1980,1980,20,20,0.858943,0.932273
1981,1981,34,44,0.784258,0.884142
1982,1982,22,6,0.920837,0.960166
1983,1983,42,22,0.746221,0.866335
1984,1984,30,18,0.937844,0.967767
1985,1985,22,18,0.987282,0.99295
1986,1986,48,14,0.982388,0.990482
1987,1987,10,42,0.810706,0.882532
1988,1988,21,31,0.957028,0.97776
1989,1989,45,39,0.97975,0.989584
1990,1990,11,27,0.941092,0.968955
1991,1991,7,15,0.79334,0.849412
1992,1992,38,24,0.965276,0.980691
1993,1993,7,40,0.812521,0.88515
1994,1994,37,38,0.948221,0.974723
1995,1995,22,24,0.923568,0.958395
1996,1996,15,35,0.830501,0.91022
1997,1997,49,7,0.993148,0.996818
1998,1998,37,21,0.854805,0.920611
1999,1999,47,30,0.994294,0.997002
2000,2000,46,17,0.978558,0.987268
2001,2001,23,34,0.875062,0.936202
2002,2002,8,33,0.851187,0.891439
2003,2003,13,32,0.826471,0.90287
2004,2004,13,11,0.818971,0.889535
2005,2005,5,49,0.887585,0.922643
2006,2006,33,8,0.898836,0.944216
2007,2007,36,17,0.959927,0.975862
2008,2008,9,17,0.856139,0.902787
2009,2009,19,9,0.764624,0.868123
2010,2010,38,32,0.852974,0.922233
2011,2011,35,33,0.996706,0.99839
2012,2012,47,14,0.742401,0.869264
2013,2013,8,37,0.767292,0.864119
2014,2014,17,34,0.995048,0.997335
2015,2015,24,46,0.990903,0.995175
2016,2016,35,9,0.990267,0.99491
2017,2017,45,15,0.991372,0.995494
2018,2018,20,7,0.955294,0.975515
2019,2019,26,35,0.996365,0.997885
2020,2020,35,46,0.984492,0.99224
2021,2021,21,6,0.831402,0.918752
2022,2022,30,15,0.996793,0.998111
2023,2023,23,45,0.929767,0.963528
2024,2024,21,38,0.991384,0.995312
2025,2025,16,47,0.890521,0.938228
2026,2026,48,49,0.931249,0.965921
2027,2027,21,39,0.759048,0.879934
2028,2028,38,44,0.933734,0.964622
2029,2029,37,6,0.925017,0.960958
2030,2030,37,12,0.971022,0.984092
2031,2031,33,44,0.993419,0.996748
2032,2032,8,23,0.899877,0.953879
2033,2033,48,22,0.846637,0.916012
2034,2034,38,26,0.858311,0.915356
2035,2035,38,30,0.744185,0.853852
2036,2036,39,40,0.949883,0.973419
2037,2037,19,40,0.954893,0.972722
2038,2038,6,22,0.979325,0.988624
2039,2039,44,47,0.850308,0.920845
2040,2040,5,33,0.860418,0.912552
2041,2041,24,16,0.993654,0.995958
2042,2042,27,9,0.987854,0.993308
2043,2043,11,45,0.983002,0.988369
2044,2044,24,43,0.928371,0.965307
2045,2045,35,49,0.983788,0.991241
2046,2046,12,21,0.992361,0.995411
2047,2047,21,6,0.851668,0.916603
2048,2048,35,23,0.958599,0.979957
2049,2049,39,38,0.929433,0.960621
2050,2050,38,34,0.921867,0.956315
2051,2051,25,46,0.992303,0.99569
2052,2052,8,34,0.992375,0.994826
2053,2053,40,12,0.843971,0.925635
2054,2054,40,31,0.973039,0.985137
2055,2055,36,28,0.975241,0.987856
2056,2056,22,33,0.887418,0.931196
2057,2057,38,11,0.967066,0.982619
2058,2058,41,40,0.863842,0.924896
2059,2059,21,18,0.982457,0.990347
2060,2060,47,26,0.980601,0.989132
2061,2061,14,36,0.961329,0.981888
2062,2062,18,10,0.872011,0.937888
2063,2063,36,24,0.922045,0.952915
2064,2064,28,33,0.959191,0.977493
2065,2065,18,31,0.918709,0.957727
2066,2066,43,13,0.9666,0.981978
2067,2067,36,27,0.760387,0.879069
2068,2068,15,11,0.891354,0.945032
2069,2069,43,39,0.976274,0.986386
2070,2070,16,45,0.777428,0.851178
2071,2071,45,22,0.841941,0.914608
2072,2072,34,14,0.835785,0.908766
2073,2073,24,38,0.981906,0.990457
2074,2074,11,24,0.973633,0.986108
2075,2075,37,45,0.991191,0.99503
2076,2076,10,16,0.966002,0.983731
2077,2077,17,13,0.884178,0.935179
2078,2078,31,23,0.994197,0.996856
2079,2079,50,16,0.981887,0.990997
2080,2080,38,30,0.913837,0.954232
2081,2081,33,44,0.845845,0.922654
2082,2082,13,39,0.991413,0.994485
2083,2083,15,17,0.809207,0.897061
2084,2084,36,19,0.784619,0.874574
2085,2085,48,7,0.884487,0.93969
2086,2086,43,9,0.979406,0.989681
2087,2087,15,19,0.988539,0.99316
2088,2088,39,35,0.979492,0.988279
2089,2089,26,31,0.888345,0.937478
2090,2090,17,33,0.947272,0.971576
2091,2091,27,31,0.939706,0.970638
2092,2092,42,5,0.800816,0.897794
2093,2093,31,9,0.906978,0.949715
2094,2094,22,40,0.995058,0.99709
2095,2095,45,44,0.926195,0.959046
2096,2096,47,26,0.925142,0.958271
2097,2097,47,17,0.915162,0.957391
2098,2098,10,46,0.819055,0.889364
2099,2099,35,25,0.959855,0.980579
2100,2100,35,34,0.974802,0.985108
2101,2101,28,23,0.995489,0.997383
2102,2102,5,28,0.826878,0.868158
2103,2103,47,36,0.856839,0.924917
2104,2104,37,49,0.946119,0.972671
2105,2105,7,45,0.84286,0.892654
2106,2106,5,21,0.930606,0.962125
2107,2107,10,40,0.952605,0.963329
2108,2108,18,50,0.953367,0.977381
2109,2109,46,34,0.871001,0.934317
2110,2110,11,37,0.808145,0.871958
2111,2111,15,24,0.952284,0.974645
2112,2112,44,10,0.891816,0.941718
2113,2113,29,39,0.924871,0.955785
2114,2114,19,44,0.976902,0.986492
2115,2115,48,36,0.859568,0.920887
2116,2116,10,16,0.806496,0.910662
2117,2117,6,31,0.929954,0.939819
2118,2118,36,27,0.935975,0.963594
2119,2119,21,33,0.929885,0.966377
2120,2120,18,40,0.995284,0.997455
2121,2121,45,40,0.956934,0.978138
2122,2122,32,44,0.99115,0.995132
2123,2123,18,33,0.805536,0.878776
2124,2124,46,14,0.869033,0.932674
2125,2125,24,6,0.928849,0.960992
2126,2126,18,34,0.989036,0.99334
2127,2127,19,45,0.997414,0.998571
2128,2128,20,23,0.97447,0.986251
2129,2129,26,19,0.820333,0.896066
2130,2130,38,26,0.977377,0.988506
2131,2131,31,16,0.761417,0.866958
2132,2132,43,7,0.987437,0.99386
2133,2133,45,33,0.842664,0.917111
2134,2134,22,13,0.952089,0.975813
2135,2135,49,20,0.978634,0.989701
2136,2136,32,48,0.820827,0.896921
2137,2137,48,31,0.988896,0.994028
2138,2138,32,44,0.91109,0.954298
2139,2139,46,12,0.821204,0.914545
2140,2140,48,47,0.961264,0.979761
2141,2141,29,30,0.966416,0.983068
2142,2142,34,43,0.982394,0.990556
2143,2143,39,30,0.749423,0.862556
2144,2144,12,19,0.939159,0.96488
2145,2145,48,32,0.960326,0.979553
2146,2146,47,31,0.79883,0.896096
2147,2147,38,13,0.909455,0.955213
2148,2148,38,16,0.801435,0.899943
2149,2149,34,39,0.947827,0.971487
2150,2150,25,18,0.979852,0.988965
2151,2151,46,34,0.975824,0.987621
2152,2152,33,46,0.764291,0.87989
2153,2153,43,36,0.902972,0.944311
2154,2154,40,32,0.99592,0.998022
2155,2155,11,41,0.854741,0.90622
2156,2156,39,11,0.842857,0.920314
2157,2157,18,18,0.855746,0.922153
2158,2158,30,50,0.920257,0.953499
2159,2159,7,16,0.791629,0.876392
2160,2160,5,25,0.961871,0.974424
2161,2161,45,26,0.95719,0.976674
2162,2162,5,10,0.81829,0.890952
2163,2163,22,11,0.987482,0.993066
2164,2164,5,43,0.779157,0.85246
2165,2165,46,40,0.976659,0.987567
2166,2166,28,41,0.751693,0.875896
2167,2167,27,40,0.963081,0.980526
2168,2168,25,13,0.990041,0.99517
2169,2169,28,12,0.938504,0.966888
2170,2170,41,6,0.868676,0.934324
2171,2171,5,47,0.864517,0.921082
2172,2172,35,44,0.98527,0.992474
2173,2173,29,29,0.995689,0.997593
2174,2174,39,41,0.909378,0.956738
2175,2175,28,32,0.980228,0.988678
2176,2176,33,31,0.82262,0.912938
2177,2177,18,50,0.992628,0.996496
2178,2178,15,24,0.992369,0.995847
2179,2179,32,23,0.969841,0.985462
2180,2180,29,19,0.767628,0.885121
2181,2181,39,47,0.982647,0.991159
2182,2182,45,10,0.890607,0.941866
2183,2183,6,43,0.991989,0.995188
2184,2184,35,50,0.969671,0.983546
2185,2185,50,40,0.877252,0.935407
2186,2186,7,20,0.926606,0.956773
2187,2187,33,41,0.771569,0.873733
2188,2188,7,29,0.832947,0.896223
2189,2189,28,18,0.99451,0.996948
2190,2190,37,18,0.941113,0.964511
2191,2191,39,47,0.931473,0.963621
2192,2192,38,38,0.993643,0.996779
2193,2193,28,26,0.906028,0.946046
2194,2194,18,45,0.912764,0.946669
2195,2195,15,26,0.900084,0.953599
2196,2196,28,8,0.982344,0.991295
2197,2197,17,5,0.916641,0.943767
2198,2198,13,40,0.753156,0.855187
2199,2199,22,33,0.8653,0.92149
2200,2200,48,11,0.995052,0.99752
2201,2201,28,46,0.909611,0.952304
2202,2202,42,14,0.761148,0.88353
2203,2203,32,45,0.950653,0.974828
2204,2204,37,21,0.753589,0.858538
2205,2205,37,39,0.981392,0.989477
2206,2206,17,14,0.842054,0.919346
2207,2207,19,20,0.994851,0.997306
2208,2208,49,34,0.966606,0.981756
2209,2209,27,26,0.844643,0.915221
2210,2210,39,32,0.932368,0.960424
2211,2211,47,49,0.949323,0.971617
2212,2212,45,37,0.921714,0.959146
2213,2213,27,23,0.884997,0.94433
2214,2214,16,46,0.814211,0.897859
2215,2215,23,44,0.901224,0.940449
2216,2216,7,23,0.987183,0.992292
2217,2217,34,40,0.78254,0.890902
2218,2218,26,7,0.804509,0.867957
2219,2219,34,30,0.790298,0.899886
2220,2220,33,22,0.934717,0.961665
2221,2221,42,26,0.995661,0.997761
2222,2222,18,14,0.857279,0.925872
2223,2223,16,47,0.783863,0.887658
2224,2224,11,27,0.777632,0.850733
2225,2225,26,42,0.981902,0.990722
2226,2226,26,34,0.938416,0.964285
2227,2227,49,36,0.92924,0.960086
2228,2228,34,11,0.912303,0.958811
2229,2229,29,39,0.788804,0.879277
2230,2230,28,6,0.886411,0.93722
2231,2231,9,24,0.863897,0.91065
2232,2232,36,31,0.988186,0.994012
2233,2233,24,45,0.97235,0.986029
2234,2234,44,39,0.890803,0.943675
2235,2235,9,42,0.937714,0.96882
2236,2236,23,6,0.996448,0.998151
2237,2237,17,16,0.924476,0.959343
2238,2238,30,27,0.992847,0.996131
2239,2239,11,10,0.995528,0.997319
2240,2240,19,21,0.954468,0.976756
2241,2241,46,35,0.766241,0.870729
2242,2242,31,29,0.775536,0.880328
2243,2243,13,32,0.775508,0.883058
2244,2244,33,13,0.991523,0.995237
2245,2245,8,11,0.939904,0.966471
2246,2246,47,47,0.969468,0.983925
2247,2247,39,9,0.76097,0.874234
2248,2248,21,32,0.993534,0.996564
2249,2249,8,36,0.852192,0.884106
2250,2250,44,22,0.818345,0.906695
2251,2251,5,9,0.996993,0.998175
2252,2252,10,36,0.993449,0.996695
2253,2253,39,37,0.858033,0.921366
2254,2254,16,43,0.989695,0.994546
2255,2255,19,43,0.891253,0.941781
2256,2256,46,39,0.81556,0.896971
2257,2257,41,36,0.9948,0.997414
2258,2258,7,23,0.887851,0.917564
2259,2259,37,43,0.780973,0.889707
2260,2260,21,28,0.98086,0.989585
2261,2261,30,21,0.93351,0.963403
2262,2262,23,17,0.965168,0.979469
2263,2263,26,20,0.963232,0.979438
2264,2264,8,16,0.933401,0.955369
2265,2265,39,42,0.980964,0.990193
2266,2266,27,24,0.937617,0.966774
2267,2267,10,25,0.884231,0.943575
2268,2268,39,24,0.770302,0.885221
2269,2269,13,18,0.972149,0.985656
2270,2270,35,32,0.973977,0.986001
2271,2271,46,24,0.977016,0.988041
2272,2272,24,16,0.980906,0.989314
2273,2273,30,29,0.991094,0.995134
2274,2274,44,39,0.988935,0.994028
2275,2275,28,15,0.993176,0.99675
2276,2276,19,10,0.977696,0.98751
2277,2277,31,11,0.846978,0.918454
2278,2278,35,10,0.986091,0.991284
2279,2279,50,19,0.979948,0.987785
2280,2280,23,12,0.951429,0.972357
2281,2281,30,38,0.968898,0.983527
2282,2282,37,41,0.921702,0.960159
2283,2283,36,50,0.89303,0.946118
2284,2284,26,8,0.892131,0.941588
2285,2285,23,30,0.884699,0.939977
2286,2286,13,5,0.791019,0.874102
2287,2287,36,22,0.982581,0.990676
2288,2288,45,31,0.825258,0.910403
2289,2289,28,36,0.751308,0.874604
2290,2290,28,9,0.88719,0.938165
2291,2291,24,28,0.986448,0.993032
2292,2292,18,50,0.887146,0.937156
2293,2293,36,21,0.990267,0.99469
2294,2294,44,36,0.794311,0.893392
2295,2295,13,22,0.942493,0.966371
2296,2296,6,9,0.990178,0.995083
2297,2297,47,38,0.851912,0.925735
2298,2298,16,21,0.991592,0.995301
2299,2299,44,48,0.968948,0.983838
2300,2300,46,28,0.778789,0.883775
2301,2301,20,42,0.966539,0.983307
2302,2302,40,16,0.814459,0.908556
2303,2303,19,40,0.905331,0.950986
2304,2304,31,48,0.76214,0.864603
2305,2305,47,18,0.982815,0.990918
2306,2306,19,23,0.956893,0.97572
2307,2307,48,37,0.936683,0.9676
2308,2308,32,47,0.955851,0.976453
2309,2309,35,30,0.918396,0.954096
2310,2310,29,42,0.908222,0.950443
2311,2311,28,33,0.901585,0.946534
2312,2312,28,23,0.988863,0.993934
2313,2313,20,38,0.955703,0.97625
2314,2314,42,45,0.943162,0.969795
2315,2315,24,18,0.990962,0.995096
2316,2316,34,32,0.936907,0.966085
2317,2317,18,23,0.950824,0.97115
2318,2318,44,40,0.892837,0.949895
2319,2319,50,9,0.890965,0.944704
2320,2320,27,20,0.984144,0.992272
2321,2321,19,23,0.925505,0.957773
2322,2322,44,43,0.936712,0.965682
2323,2323,37,11,0.973474,0.986603
2324,2324,46,11,0.946823,0.970376
2325,2325,20,37,0.964795,0.981126
2326,2326,12,20,0.982263,0.988708
2327,2327,27,50,0.976704,0.988202
2328,2328,21,11,0.94057,0.964306
2329,2329,19,12,0.989564,0.993997
2330,2330,42,36,0.970208,0.982987
2331,2331,18,16,0.920857,0.958848
2332,2332,12,10,0.788125,0.880581
2333,2333,44,8,0.759629,0.874564
2334,2334,17,38,0.868027,0.937179
2335,2335,43,16,0.927188,0.962556
2336,2336,12,19,0.973405,0.984611
2337,2337,39,8,0.989485,0.994881
2338,2338,27,42,0.97232,0.986067
2339,2339,29,45,0.850557,0.924641
2340,2340,42,31,0.993592,0.996737
2341,2341,25,39,0.99188,0.995893
2342,2342,23,40,0.989536,0.994689
2343,2343,9,18,0.97465,0.984417
2344,2344,49,7,0.941211,0.968292
2345,2345,46,7,0.825051,0.911356
2346,2346,28,32,0.968211,0.982722
2347,2347,41,24,0.967096,0.983475
2348,2348,45,12,0.900239,0.948576
2349,2349,27,43,0.898688,0.943055
2350,2350,29,28,0.942191,0.968696
2351,2351,30,46,0.859257,0.928887
2352,2352,24,17,0.991717,0.995232
2353,2353,43,8,0.869423,0.934245
2354,2354,26,37,0.794775,0.882563
2355,2355,21,39,0.888658,0.938705
2356,2356,47,43,0.956688,0.97693
2357,2357,49,13,0.91452,0.956235
2358,2358,26,12,0.911359,0.955939
2359,2359,6,15,0.942616,0.962587
2360,2360,40,46,0.966763,0.982001
2361,2361,14,24,0.764297,0.872095
2362,2362,25,17,0.968919,0.983568
2363,2363,28,39,0.98257,0.990379
2364,2364,7,21,0.845562,0.908787
2365,2365,16,22,0.895562,0.94302
2366,2366,28,27,0.91946,0.957855
2367,2367,13,13,0.937617,0.965995
2368,2368,5,39,0.871213,0.895863
2369,2369,38,9,0.996146,0.997915
2370,2370,17,8,0.782575,0.879991
2371,2371,28,14,0.913256,0.953583
2372,2372,26,37,0.939977,0.969177
2373,2373,19,38,0.750729,0.859342
2374,2374,41,16,0.801023,0.902427
2375,2375,14,24,0.747366,0.871141
2376,2376,46,34,0.785492,0.884545
2377,2377,26,28,0.777156,0.878692
2378,2378,38,47,0.891413,0.94663
2379,2379,6,34,0.958553,0.976998
2380,2380,36,22,0.987772,0.993388
2381,2381,12,40,0.995726,0.997772
2382,2382,19,41,0.76264,0.874595
2383,2383,6,48,0.886868,0.927879
2384,2384,47,38,0.996931,0.998424
2385,2385,39,13,0.976893,0.98758
2386,2386,20,45,0.737398,0.874456
2387,2387,30,50,0.798845,0.895335
2388,2388,50,25,0.994831,0.996982
2389,2389,28,39,0.917281,0.956254
2390,2390,36,6,0.992845,0.996429
2391,2391,13,47,0.995673,0.997661
2392,2392,25,31,0.995555,0.997732
2393,2393,30,21,0.895684,0.947755
2394,2394,28,15,0.988266,0.993661
2395,2395,27,25,0.994187,0.997071
2396,2396,45,42,0.927984,0.964876
2397,2397,42,29,0.986698,0.992748
2398,2398,8,49,0.967687,0.978382
2399,2399,20,41,0.952919,0.971772
2400,2400,9,21,0.91657,0.951967
2401,2401,42,34,0.790847,0.879516
2402,2402,14,31,0.797284,0.880397
2403,2403,6,45,0.995138,0.996866
2404,2404,24,41,0.994823,0.997286
2405,2405,43,44,0.994603,0.997255
2406,2406,10,16,0.987065,0.993602
2407,2407,6,39,0.996423,0.997445
2408,2408,19,12,0.804663,0.89735
2409,2409,43,35,0.798785,0.894309
2410,2410,44,15,0.903925,0.950873
2411,2411,11,11,0.973189,0.983486
2412,2412,17,40,0.915091,0.947851
2413,2413,25,28,0.994617,0.996876
2414,2414,13,39,0.991796,0.995971
2415,2415,22,32,0.898539,0.948207
2416,2416,23,32,0.767483,0.860767
2417,2417,11,22,0.97293,0.983473
2418,2418,9,22,0.988573,0.993067
2419,2419,32,12,0.871417,0.934935
2420,2420,12,26,0.786344,0.850688
2421,2421,48,25,0.895244,0.943079
2422,2422,36,42,0.897931,0.943393
2423,2423,16,6,0.928621,0.961425
2424,2424,27,46,0.981384,0.989049
2425,2425,48,27,0.979132,0.989631
2426,2426,15,13,0.954242,0.976385
2427,2427,27,22,0.859984,0.924502
2428,2428,33,14,0.938,0.966187
2429,2429,14,5,0.992653,0.995851
2430,2430,7,19,0.923432,0.950904
2431,2431,12,25,0.883122,0.930737
2432,2432,27,40,0.928994,0.9626
2433,2433,25,7,0.831366,0.912243
2434,2434,42,18,0.983457,0.991504
2435,2435,42,17,0.838023,0.917311
2436,2436,6,35,0.931011,0.957165
2437,2437,39,41,0.989637,0.994758
2438,2438,11,20,0.855328,0.910451
2439,2439,25,50,0.877201,0.93831
2440,2440,41,29,0.993889,0.996733
2441,2441,49,48,0.866356,0.931321
2442,2442,21,38,0.952948,0.974079
2443,2443,10,48,0.915399,0.948547
2444,2444,49,50,0.921324,0.95513
2445,2445,20,41,0.972613,0.983449
2446,2446,21,9,0.848625,0.916898
2447,2447,43,11,0.959085,0.97973
2448,2448,18,37,0.990423,0.99459
2449,2449,28,37,0.906579,0.949039
2450,2450,15,23,0.992671,0.996404
2451,2451,15,22,0.893133,0.931217
2452,2452,38,13,0.827649,0.914724
2453,2453,7,36,0.861846,0.908774
2454,2454,41,42,0.90321,0.950857
2455,2455,42,28,0.956957,0.978989
2456,2456,18,38,0.767963,0.867417
2457,2457,38,20,0.850036,0.920589
2458,2458,24,45,0.944616,0.968394
2459,2459,25,5,0.985599,0.992375
2460,2460,47,36,0.949561,0.972707
2461,2461,43,37,0.995409,0.997636
2462,2462,32,48,0.996575,0.998141
2463,2463,36,39,0.970983,0.984494
2464,2464,44,34,0.95592,0.977488
2465,2465,46,8,0.972018,0.984702
2466,2466,25,9,0.785671,0.869216
2467,2467,42,31,0.893029,0.945821
2468,2468,32,46,0.987316,0.993712
2469,2469,13,15,0.92387,0.957774
2470,2470,25,25,0.980996,0.990018
2471,2471,18,33,0.788367,0.851973
2472,2472,45,44,0.929121,0.957358
2473,2473,30,39,0.849182,0.920165
2474,2474,45,37,0.996979,0.998513
2475,2475,21,39,0.83924,0.917865
2476,2476,25,5,0.946017,0.968368
2477,2477,27,21,0.916647,0.953202
2478,2478,5,17,0.911227,0.943879
2479,2479,13,34,0.773156,0.869493
2480,2480,18,32,0.967518,0.983193
2481,2481,6,31,0.85759,0.898808
2482,2482,13,37,0.784056,0.890711
2483,2483,10,30,0.926695,0.960019
2484,2484,16,15,0.927531,0.958006
2485,2485,27,38,0.817208,0.907055
2486,2486,30,43,0.985209,0.992249
2487,2487,36,12,0.857853,0.932135
2488,2488,29,19,0.961135,0.978453
2489,2489,16,24,0.951018,0.972555
2490,2490,8,23,0.732841,0.863609
2491,2491,46,16,0.876945,0.926809
2492,2492,14,35,0.976509,0.986673
2493,2493,18,35,0.784065,0.873402
2494,2494,13,48,0.906494,0.948808
2495,2495,17,19,0.755441,0.872359
2496,2496,35,11,0.895533,0.944829
2497,2497,16,42,0.989729,0.99447
2498,2498,7,14,0.937108,0.957228
2499,2499,8,19,0.98287,0.984734
2500,2500,38,34,0.871168,0.925242
2501,2501,40,25,0.778318,0.884914
2502,2502,44,49,0.916944,0.957316
2503,2503,49,16,0.9973,0.998556
2504,2504,7,19,0.992405,0.993615
2505,2505,42,16,0.979929,0.989744
2506,2506,39,6,0.803374,0.902441
2507,2507,47,32,0.996263,0.998154
2508,2508,29,23,0.908228,0.952999
2509,2509,34,48,0.988519,0.993577
2510,2510,28,30,0.934443,0.96708
2511,2511,25,28,0.964817,0.981399
2512,2512,26,17,0.846134,0.915167
2513,2513,39,48,0.776492,0.894062
2514,2514,33,42,0.756932,0.870284
2515,2515,24,48,0.925197,0.962118
2516,2516,40,46,0.869752,0.935465
2517,2517,8,10,0.97794,0.98921
2518,2518,14,28,0.928033,0.960786
2519,2519,48,32,0.863509,0.928185
2520,2520,46,16,0.794336,0.888177
2521,2521,29,33,0.860374,0.928376
2522,2522,36,34,0.93131,0.962883
2523,2523,47,26,0.903012,0.947998
2524,2524,47,7,0.991319,0.995627
2525,2525,32,26,0.990455,0.995119
2526,2526,44,6,0.836511,0.914203
2527,2527,35,24,0.745706,0.873979
2528,2528,42,17,0.764552,0.884844
2529,2529,24,14,0.768983,0.877636
2530,2530,32,33,0.952817,0.975551
2531,2531,21,18,0.953213,0.976684
2532,2532,35,13,0.995152,0.997224
2533,2533,28,18,0.926267,0.957663
2534,2534,36,22,0.997247,0.998545
2535,2535,29,12,0.817873,0.903917
2536,2536,38,43,0.943691,0.972788
2537,2537,44,33,0.837461,0.915988
2538,2538,39,41,0.922704,0.956133
2539,2539,50,43,0.965062,0.981335
2540,2540,8,32,0.931157,0.962711
2541,2541,10,36,0.849597,0.928314
2542,2542,30,7,0.979546,0.988923
2543,2543,10,47,0.931709,0.962232
2544,2544,14,36,0.985074,0.992741
2545,2545,40,43,0.98737,0.993669
2546,2546,30,5,0.921795,0.960077
2547,2547,49,10,0.872778,0.934975
2548,2548,45,28,0.983828,0.991391
2549,2549,14,41,0.981996,0.990734
2550,2550,26,7,0.737131,0.853381
2551,2551,17,38,0.871932,0.932144
2552,2552,41,33,0.909343,0.949862
2553,2553,31,28,0.944718,0.970795
2554,2554,45,34,0.985904,0.992925
2555,2555,21,25,0.975797,0.986683
2556,2556,42,20,0.89617,0.943081
2557,2557,34,24,0.993557,0.996955
2558,2558,24,11,0.994377,0.997174
2559,2559,21,48,0.871203,0.920789
2560,2560,29,12,0.960251,0.976916
2561,2561,11,35,0.90378,0.950092
2562,2562,46,12,0.919085,0.960145
2563,2563,18,14,0.908065,0.952131
2564,2564,10,41,0.952398,0.968488
2565,2565,15,6,0.929457,0.962479
2566,2566,32,6,0.903806,0.946105
2567,2567,36,40,0.965362,0.980898
2568,2568,32,33,0.764304,0.874068
2569,2569,21,33,0.968687,0.983631
2570,2570,9,33,0.980316,0.986561
2571,2571,21,30,0.990693,0.995489
2572,2572,50,11,0.82896,0.919528
2573,2573,39,14,0.996882,0.99837
2574,2574,35,9,0.861578,0.931417
2575,2575,19,25,0.992982,0.995491
2576,2576,16,19,0.96573,0.976538
2577,2577,19,42,0.952792,0.976107
2578,2578,37,24,0.994103,0.996933
2579,2579,24,9,0.900208,0.946307
2580,2580,16,8,0.959751,0.979041
2581,2581,37,39,0.978705,0.989409
2582,2582,40,10,0.772942,0.878132
2583,2583,37,13,0.804549,0.90564
2584,2584,10,41,0.894197,0.94461
2585,2585,31,18,0.8339,0.906511
2586,2586,38,44,0.854795,0.922251
2587,2587,28,14,0.89702,0.945474
2588,2588,39,40,0.971091,0.984641
2589,2589,7,31,0.92815,0.958047
2590,2590,12,27,0.976806,0.984239
2591,2591,44,26,0.990287,0.995065
2592,2592,31,46,0.966397,0.984925
2593,2593,23,5,0.805675,0.903083
2594,2594,43,17,0.928136,0.964086
2595,2595,18,11,0.88876,0.941365
2596,2596,28,24,0.869175,0.930748
2597,2597,43,21,0.948685,0.972986
2598,2598,19,30,0.763791,0.880242
2599,2599,25,12,0.990076,0.994681
2600,2600,15,10,0.986613,0.992973
2601,2601,31,23,0.921386,0.960677
2602,2602,42,22,0.920613,0.956635
2603,2603,31,35,0.993969,0.996835
2604,2604,21,14,0.929681,0.963987
2605,2605,28,18,0.845144,0.908202
2606,2606,20,40,0.995611,0.997123
2607,2607,41,26,0.985512,0.993152
2608,2608,44,21,0.820597,0.911107
2609,2609,41,20,0.96411,0.981543
2610,2610,31,47,0.879395,0.932091
2611,2611,31,46,0.779328,0.892606
2612,2612,5,23,0.995549,0.99589
2613,2613,8,42,0.948377,0.965441
2614,2614,6,43,0.916447,0.949723
2615,2615,9,6,0.996043,0.997736
2616,2616,39,6,0.975847,0.986905
2617,2617,28,38,0.93949,0.963768
2618,2618,8,6,0.947994,0.970265
2619,2619,17,18,0.983459,0.990647
2620,2620,12,35,0.848506,0.881382
2621,2621,46,22,0.992147,0.996089
2622,2622,16,26,0.84428,0.880777
2623,2623,11,6,0.993763,0.995748
2624,2624,45,13,0.958559,0.977443
2625,2625,19,19,0.882903,0.932982
2626,2626,37,15,0.778715,0.883086
2627,2627,6,27,0.934339,0.961645
2628,2628,24,40,0.8337,0.905712
2629,2629,10,17,0.967497,0.980357
2630,2630,29,49,0.878387,0.930327
2631,2631,19,24,0.909888,0.952897
2632,2632,6,27,0.982257,0.990098
2633,2633,37,34,0.89955,0.94664
2634,2634,15,45,0.994094,0.996789
2635,2635,38,23,0.965113,0.981404
2636,2636,21,18,0.829882,0.921294
2637,2637,18,42,0.961649,0.980295
2638,2638,45,9,0.980617,0.990063
2639,2639,13,37,0.92533,0.960998
2640,2640,21,27,0.98615,0.992458
2641,2641,32,40,0.782483,0.881633
2642,2642,6,8,0.963396,0.972404
2643,2643,41,39,0.828328,0.913339
2644,2644,39,30,0.816618,0.904022
2645,2645,8,49,0.788361,0.873811
2646,2646,41,21,0.777045,0.887
2647,2647,6,11,0.869658,0.914656
2648,2648,49,7,0.829797,0.912492
2649,2649,16,11,0.979243,0.986384
2650,2650,18,30,0.947735,0.971861
2651,2651,17,6,0.849747,0.910901
2652,2652,41,13,0.878135,0.932095
2653,2653,31,34,0.893717,0.94366
2654,2654,17,34,0.879489,0.933725
2655,2655,19,9,0.97021,0.982266
2656,2656,9,12,0.987775,0.993211
2657,2657,40,14,0.982885,0.991167
2658,2658,22,35,0.839731,0.916993
2659,2659,27,36,0.754588,0.87557
2660,2660,41,8,0.903589,0.950038
2661,2661,21,24,0.758667,0.872546
2662,2662,35,10,0.765286,0.876434
2663,2663,47,23,0.841061,0.916853
2664,2664,21,31,0.815728,0.912911
2665,2665,7,11,0.981223,0.988626
2666,2666,37,17,0.975649,0.986353
2667,2667,41,37,0.967377,0.982269
2668,2668,42,27,0.904331,0.950643
2669,2669,37,35,0.973241,0.985109
2670,2670,8,14,0.816557,0.907718
2671,2671,42,34,0.899335,0.948889
2672,2672,34,45,0.883554,0.934321
2673,2673,49,34,0.979605,0.989395
2674,2674,5,30,0.867671,0.88946
2675,2675,5,11,0.980567,0.988455
2676,2676,47,28,0.960224,0.980803
2677,2677,20,36,0.765183,0.841594
2678,2678,10,7,0.99198,0.994806
2679,2679,21,45,0.778056,0.875
2680,2680,49,9,0.787065,0.88779
2681,2681,9,37,0.98901,0.993489
2682,2682,45,28,0.992908,0.996168
2683,2683,36,43,0.991229,0.995105
2684,2684,17,15,0.992435,0.996284
2685,2685,36,39,0.989877,0.995124
2686,2686,20,47,0.89319,0.937426
2687,2687,21,6,0.979129,0.989161
2688,2688,42,49,0.837113,0.908534
2689,2689,28,34,0.883799,0.940065
2690,2690,7,30,0.764937,0.858408
2691,2691,38,28,0.966079,0.98346
2692,2692,41,13,0.875556,0.934776
2693,2693,15,31,0.826277,0.907951
2694,2694,42,31,0.958285,0.975491
2695,2695,32,22,0.974126,0.985909
2696,2696,48,28,0.755866,0.876383
2697,2697,30,20,0.99123,0.99506
2698,2698,32,7,0.858803,0.92167
2699,2699,46,46,0.937711,0.970121
2700,2700,25,50,0.994542,0.997027
2701,2701,45,41,0.985375,0.992315
2702,2702,26,6,0.902539,0.945505
2703,2703,44,27,0.756222,0.880014
2704,2704,10,40,0.984878,0.992061
2705,2705,11,49,0.825754,0.881925
2706,2706,43,46,0.876719,0.933254
2707,2707,32,18,0.986118,0.993367
2708,2708,23,12,0.959821,0.976422
2709,2709,5,16,0.832948,0.898013
2710,2710,33,33,0.9785,0.987701
2711,2711,50,29,0.788548,0.895363
2712,2712,19,29,0.902855,0.9494
2713,2713,26,30,0.802478,0.890312
2714,2714,26,50,0.929777,0.959015
2715,2715,43,32,0.979838,0.989509
2716,2716,16,18,0.979057,0.988921
2717,2717,47,9,0.805406,0.897247
2718,2718,7,20,0.992729,0.993673
2719,2719,34,47,0.855384,0.926111
2720,2720,48,42,0.954927,0.975887
2721,2721,34,21,0.984096,0.99162
2722,2722,47,12,0.860239,0.930506
2723,2723,38,31,0.940314,0.96828
2724,2724,36,50,0.993336,0.996486
2725,2725,39,37,0.950229,0.973839
2726,2726,44,43,0.978674,0.989159
2727,2727,42,11,0.844457,0.921031
2728,2728,44,37,0.851601,0.91426
2729,2729,39,26,0.88515,0.936668
2730,2730,10,38,0.83005,0.879269
2731,2731,29,22,0.92149,0.957943
2732,2732,18,37,0.995699,0.997427
2733,2733,42,26,0.89956,0.945366
2734,2734,46,34,0.976685,0.987773
2735,2735,35,13,0.952412,0.972524
2736,2736,37,23,0.988197,0.993478
2737,2737,32,46,0.886464,0.937437
2738,2738,20,26,0.890577,0.947713
2739,2739,29,49,0.975703,0.987256
2740,2740,39,24,0.960773,0.980287
2741,2741,24,23,0.994957,0.997007
2742,2742,50,35,0.982044,0.990981
2743,2743,43,37,0.996448,0.998253
2744,2744,14,33,0.930155,0.959354
2745,2745,38,16,0.963871,0.980873
2746,2746,36,34,0.840832,0.90634
2747,2747,19,16,0.840527,0.899945
2748,2748,43,16,0.984193,0.992468
2749,2749,50,14,0.870243,0.929947
2750,2750,23,16,0.898215,0.950225
2751,2751,26,41,0.817408,0.907145
2752,2752,24,42,0.887286,0.946052
2753,2753,40,36,0.928867,0.961827
2754,2754,14,34,0.95978,0.977759
2755,2755,24,23,0.935489,0.969255
2756,2756,40,27,0.991371,0.995268
2757,2757,14,20,0.988748,0.99429
2758,2758,28,32,0.988092,0.993214
2759,2759,15,6,0.812949,0.886987
2760,2760,11,49,0.861241,0.930976
2761,2761,22,5,0.848491,0.92067
2762,2762,15,21,0.830108,0.907966
2763,2763,9,10,0.982032,0.989644
2764,2764,13,34,0.779292,0.848788
2765,2765,29,10,0.816474,0.889428
2766,2766,26,22,0.866854,0.938107
2767,2767,15,27,0.823608,0.90642
2768,2768,41,8,0.990999,0.994919
2769,2769,43,14,0.772416,0.890435
2770,2770,48,46,0.910188,0.95204
2771,2771,33,35,0.973898,0.986662
2772,2772,44,20,0.911115,0.956237
2773,2773,17,26,0.899424,0.946699
2774,2774,38,17,0.809596,0.909847
2775,2775,43,43,0.904576,0.94999
2776,2776,26,27,0.879667,0.93182
2777,2777,11,30,0.957684,0.974222
2778,2778,32,38,0.952598,0.975121
2779,2779,39,17,0.819178,0.908784
2780,2780,30,45,0.935776,0.967155
2781,2781,31,26,0.966219,0.982819
2782,2782,23,9,0.937548,0.964639
2783,2783,34,6,0.973993,0.986216
2784,2784,7,38,0.899629,0.93524
2785,2785,34,27,0.784978,0.887889
2786,2786,47,28,0.911383,0.954647
2787,2787,36,46,0.923262,0.958006
2788,2788,7,11,0.945794,0.972155
2789,2789,15,42,0.989157,0.992866
2790,2790,19,15,0.89754,0.937099
2791,2791,13,31,0.923404,0.957949
2792,2792,30,10,0.941373,0.969406
2793,2793,43,30,0.944249,0.973663
2794,2794,8,10,0.91754,0.941642
2795,2795,33,29,0.944537,0.966262
2796,2796,49,23,0.953937,0.974195
2797,2797,19,20,0.978031,0.987383
2798,2798,34,42,0.927955,0.961778
2799,2799,46,20,0.842995,0.913731
2800,2800,30,10,0.846586,0.923711
2801,2801,19,31,0.829712,0.911482
2802,2802,10,8,0.962578,0.98007
2803,2803,42,41,0.908677,0.951061
2804,2804,47,6,0.978888,0.988942
2805,2805,18,44,0.982925,0.990837
2806,2806,38,29,0.996843,0.99832
2807,2807,45,5,0.993401,0.996548
2808,2808,44,11,0.875731,0.936471
2809,2809,27,19,0.89871,0.947822
2810,2810,49,5,0.959723,0.978023
2811,2811,47,45,0.91392,0.956697
2812,2812,43,16,0.996881,0.998426
2813,2813,17,46,0.914912,0.955644
2814,2814,26,49,0.789942,0.88688
2815,2815,28,41,0.872995,0.93427
2816,2816,5,33,0.89385,0.937008
2817,2817,29,8,0.844929,0.91132
2818,2818,43,9,0.952991,0.976652
2819,2819,22,7,0.83914,0.910062
2820,2820,25,27,0.87329,0.935922
2821,2821,50,32,0.950408,0.973855
2822,2822,14,31,0.986505,0.992837
2823,2823,37,28,0.797737,0.896457
2824,2824,15,14,0.983779,0.991041
2825,2825,28,50,0.894226,0.94516
2826,2826,41,15,0.790996,0.893918
2827,2827,6,32,0.988461,0.991216
2828,2828,46,30,0.934418,0.967497
2829,2829,26,40,0.875942,0.934528
2830,2830,48,29,0.867015,0.929249
2831,2831,33,28,0.991082,0.995041
2832,2832,6,43,0.936527,0.960173
2833,2833,48,38,0.993995,0.99695
2834,2834,20,32,0.743479,0.8729
2835,2835,15,11,0.77577,0.881815
2836,2836,5,12,0.804612,0.874504
2837,2837,47,26,0.896224,0.945581
2838,2838,14,29,0.986751,0.992891
2839,2839,43,21,0.829142,0.910812
2840,2840,5,26,0.78602,0.839534
2841,2841,22,22,0.938311,0.967003
2842,2842,27,5,0.763253,0.879487
2843,2843,18,16,0.989763,0.993974
2844,2844,12,13,0.92376,0.962372
2845,2845,50,33,0.792968,0.884801
2846,2846,28,17,0.907438,0.953507
2847,2847,45,18,0.990808,0.995256
2848,2848,27,31,0.992829,0.996172
2849,2849,9,37,0.969427,0.980804
2850,2850,49,24,0.967467,0.982631
2851,2851,26,22,0.963574,0.98019
2852,2852,39,7,0.864146,0.923008
2853,2853,18,38,0.82575,0.910966
2854,2854,34,33,0.782938,0.877758
2855,2855,12,32,0.808205,0.883725
2856,2856,5,26,0.823855,0.892706
2857,2857,29,5,0.862941,0.924438
2858,2858,47,49,0.963452,0.981077
2859,2859,25,25,0.841993,0.916157
2860,2860,31,33,0.982601,0.989842
2861,2861,39,36,0.886378,0.939626
2862,2862,19,28,0.949842,0.977127
2863,2863,47,11,0.991865,0.99599
2864,2864,43,10,0.899928,0.948596
2865,2865,21,46,0.946594,0.966217
2866,2866,31,11,0.996123,0.998019
2867,2867,17,27,0.909808,0.95389
2868,2868,24,10,0.989522,0.994353
2869,2869,19,9,0.785307,0.889735
2870,2870,10,13,0.819507,0.891061
2871,2871,25,11,0.966714,0.981006
2872,2872,39,45,0.836665,0.923188
2873,2873,6,13,0.759569,0.81992
2874,2874,31,24,0.816398,0.904531
2875,2875,26,37,0.990899,0.995049
2876,2876,28,49,0.95452,0.974774
2877,2877,25,5,0.829916,0.900965
2878,2878,46,5,0.993609,0.996683
2879,2879,50,47,0.872192,0.932677
2880,2880,31,12,0.802417,0.900204
2881,2881,15,37,0.896423,0.944835
2882,2882,32,24,0.979896,0.990188
2883,2883,23,10,0.903914,0.950918
2884,2884,41,42,0.816769,0.909641
2885,2885,37,20,0.860466,0.92121
2886,2886,15,34,0.800989,0.898688
2887,2887,5,19,0.830092,0.882383
2888,2888,37,29,0.96617,0.980691
2889,2889,49,27,0.972301,0.985691
2890,2890,13,35,0.947433,0.970818
2891,2891,38,5,0.949317,0.971609
2892,2892,24,5,0.995765,0.997571
2893,2893,33,24,0.98644,0.9934
2894,2894,23,49,0.767491,0.886907
2895,2895,21,41,0.858445,0.919525
2896,2896,21,16,0.865549,0.932086
2897,2897,16,9,0.995724,0.997553
2898,2898,50,24,0.820824,0.906621
2899,2899,37,49,0.827266,0.914472
2900,2900,50,7,0.994275,0.99675
2901,2901,14,46,0.990101,0.995048
2902,2902,20,15,0.855857,0.925198
2903,2903,39,17,0.989195,0.994566
2904,2904,19,31,0.963592,0.981909
2905,2905,23,46,0.94104,0.971907
2906,2906,8,48,0.989355,0.993506
2907,2907,50,26,0.993717,0.996802
2908,2908,32,31,0.941144,0.971531
2909,2909,50,18,0.923907,0.961592
2910,2910,20,25,0.822519,0.908075
2911,2911,21,39,0.865694,0.929624
2912,2912,37,15,0.948614,0.971087
2913,2913,42,19,0.822026,0.910627
2914,2914,33,13,0.957376,0.97568
2915,2915,39,32,0.845356,0.907395
2916,2916,47,36,0.846449,0.919519
2917,2917,38,18,0.957207,0.976209
2918,2918,35,41,0.814433,0.901943
2919,2919,31,16,0.806736,0.894174
2920,2920,25,43,0.982024,0.990319
2921,2921,30,34,0.993823,0.99691
2922,2922,39,18,0.954931,0.977937
2923,2923,15,14,0.844884,0.90223
2924,2924,27,23,0.75559,0.883484
2925,2925,49,28,0.983773,0.991087
2926,2926,18,36,0.997022,0.998084
2927,2927,14,28,0.978009,0.98739
2928,2928,23,29,0.940177,0.96498
2929,2929,50,24,0.964004,0.982213
2930,2930,19,44,0.895779,0.935147
2931,2931,23,17,0.782172,0.874126
2932,2932,16,46,0.924171,0.958033
2933,2933,34,38,0.914561,0.954037
2934,2934,21,5,0.909848,0.94731
2935,2935,29,46,0.792877,0.88236
2936,2936,48,50,0.842529,0.923056
2937,2937,46,38,0.84489,0.919226
2938,2938,21,10,0.855454,0.92438
2939,2939,13,38,0.86439,0.926604
2940,2940,28,49,0.941746,0.969257
2941,2941,20,13,0.925315,0.959163
2942,2942,7,13,0.945135,0.966521
2943,2943,20,41,0.756768,0.875515
2944,2944,41,20,0.847281,0.923848
2945,2945,13,15,0.925083,0.953127
2946,2946,48,11,0.98544,0.992255
2947,2947,28,28,0.900331,0.947253
2948,2948,21,50,0.992418,0.996254
2949,2949,41,21,0.855093,0.929589
2950,2950,41,28,0.91107,0.954659
2951,2951,27,46,0.91231,0.95469
2952,2952,29,43,0.954686,0.975591
2953,2953,38,46,0.992507,0.996145
2954,2954,21,8,0.818399,0.896042
2955,2955,31,23,0.871132,0.937857
2956,2956,9,7,0.937475,0.959517
2957,2957,50,33,0.895872,0.948716
2958,2958,25,36,0.961719,0.98159
2959,2959,50,33,0.98824,0.994047
2960,2960,50,22,0.977273,0.987393
2961,2961,5,23,0.899343,0.941248
2962,2962,49,23,0.749765,0.866088
2963,2963,28,16,0.988766,0.994119
2964,2964,36,10,0.919283,0.961342
2965,2965,44,31,0.831861,0.91139
2966,2966,10,28,0.964748,0.979238
2967,2967,14,38,0.921115,0.955098
2968,2968,34,41,0.766585,0.878983
2969,2969,34,20,0.992722,0.996036
2970,2970,15,44,0.99656,0.997909
2971,2971,17,16,0.872063,0.922692
2972,2972,15,37,0.983459,0.991289
2973,2973,29,38,0.823801,0.905612
2974,2974,27,42,0.986066,0.992721
2975,2975,21,26,0.965058,0.980756
2976,2976,16,21,0.892617,0.942878
2977,2977,50,14,0.791213,0.892529
2978,2978,42,33,0.963004,0.980148
2979,2979,30,38,0.790129,0.895058
2980,2980,16,48,0.994978,0.997169
2981,2981,7,8,0.987937,0.992629
2982,2982,46,42,0.915006,0.958588
2983,2983,27,26,0.905368,0.94831
2984,2984,21,14,0.971688,0.982173
2985,2985,10,26,0.804815,0.907966
2986,2986,33,48,0.997431,0.998684
2987,2987,18,31,0.962619,0.978709
2988,2988,6,40,0.897481,0.931661
2989,2989,37,10,0.961198,0.978491
2990,2990,33,22,0.951776,0.974742
2991,2991,26,45,0.994414,0.997008
2992,2992,29,7,0.809325,0.889076
2993,2993,38,40,0.867688,0.927223
2994,2994,40,19,0.833227,0.915003
2995,2995,49,26,0.78457,0.891701
2996,2996,12,29,0.946967,0.967247
2997,2997,6,43,0.9353,0.960458
2998,2998,29,20,0.992056,0.995884
2999,2999,28,46,0.978148,0.98921
